Keyword,Count
local business,4.0
category,1.0
tattoo,1.0
name,1.0
interest,1.0
data,1.0
id,1.0
[{,0
},0
103127533060827,0
{,0
tattoo & piercing shop,9.0
name,1.0
category_list,1.0
centreville,1.0
v,1.0
id,1.0
274636418299,0
[{,0
}],0
551469561691940,0
{,0
},0
korean restaurant,3.5
restaurant,1.5
a,1.0
category,1.0
name,1.0
category_list,1.0
/cafe,1.0
id,1.0
[{,0
429030063942252,0
150896171638138,0
}],0
{,0
},0
/things to do,9.0
castell henllys,4.0
category,1.0
name,1.0
category_list,1.0
attractions,1.0
village,1.0
id,1.0
[{,0
197817313562497,0
historical place,4.0
power wear,4.0
category,1.0
name,1.0
museum,1.0
id,1.0
}],0
416880788411237,0
197097220301977,0
{,0
},0
local business,4.0
category,1.0
studios,1.0
name,1.0
category_list,1.0
clothing,1.0
id,1.0
976584255795041,0
24329083242943,0
[{,0
{,0
},0
professional service,4.0
commercial & industrial,4.0
category,1.0
catego,1.0
name,1.0
id,1.0
crossfit,1.0
}],0
3,0
{,0
238414310179,0
},0
/physical fitness center,9.0
lifestyle services,4.0
ry_list,1.0
name,1.0
gym,1.0
id,1.0
[{,0
360320934014496,0
}],0
{,0
1695249460699877,0
},0
asian grill,4.0
category,1.0
name,1.0
category_list,1.0
restaurant,1.0
/cafe,1.0
id,1.0
375258669198754,0
[{,0
150896171638138,0
{,0
},0
korean restaurant,4.0
barbecue restaurant,4.0
name,1.0
desi,1.0
id,1.0
}],0
502695276414775,0
150534008338515,0
{,0
},0
korean restaurant,4.0
building materials,4.0
category,1.0
gns,1.0
uc2dc,1.0
name,1.0
ub300,1.0
cate,1.0
ucca0,1.0
id,1.0
uae30,1.0
115094468562863,0
{,0
},0
local business,4.0
korean restaurant,4.0
name,1.0
category_list,1.0
gory,1.0
barb,1.0
id,1.0
[{,0
150534008338515,0
150896171638138,0
{,0
},0
local business,4.0
ecue restaurant,4.0
category,1.0
name,1.0
category_list,1.0
id,1.0
}],0
115602905176480,0
[{,0
{,0
},0
15089617163813,0
korean bbq & grill,8.5
korean restaurant,4.5
local business,4.0
category,1.0
categ,1.0
name,1.0
id,1.0
},0
}],0
8,0
{,0
954032471358390,0
korean restaurant,4.0
chinese restaurant,4.0
name,1.0
ory_list,1.0
id,1.0
[{,0
174483852595760,0
150896171638138,0
{,0
15053,0
},0
barbecue restaurant,4.0
category,1.0
golden,1.0
category_list,1.0
id,1.0
club,1.0
name,1.0
}],0
4008338515,0
[,0
{,0
},0
186563611525519,0
/physical fitness center,9.0
category,1.0
name,1.0
gym,1.0
id,1.0
sword,1.0
in,1.0
}],0
367104926797825,0
{,0
},0
1695249460699877,0
guitar accessories,4.0
category,1.0
name,1.0
/service,1.0
product,1.0
n,1.0
terest,1.0
id,1.0
1005144696177950,0
129182840499568,0
{,0
},0
europe,1.0
category,1.0
name,1.0
ame,1.0
british,1.0
interest,1.0
id,1.0
1093,0
{,0
589404494451885,0
},0
arts & ente,4.0
category,1.0
publisher,1.0
name,1.0
category_list,1.0
productions,1.0
id,1.0
29275761003,0
[{,0
133436743388217,0
{,0
},0
category,1.0
publisher,1.0
rtainment,1.0
name,1.0
india,1.0
interest,1.0
id,1.0
}],0
11345501205,0
191684877517919,0
{,0
},0
/art gallery,4.0
category,1.0
name,1.0
category_list,1.0
museum,1.0
studio,1.0
id,1.0
[{,0
144628888884043,0
148906328500868,0
{,0
},0
hardware store,4.0
non-profit organization,4.0
category,1.0
category_list,1.0
name,1.0
theatre,1.0
id,1.0
173938946070694,0
}],0
[{,0
{,0
},0
performance art theatre,9.0
non-profit organization,4.0
id,1.0
name,1.0
1743358009241121,0
2603,0
}],0
33985171336,0
{,0
},0
record label,4.0
category,1.0
name,1.0
community,1.0
records,1.0
britain,1.0
id,1.0
3,0
157050084351310,0
{,0
},0
tribes in britain,9.0
museum of the,9.0
category,1.0
name,1.0
interest,1.0
id,1.0
56664091205260,0
145067665503292,0
{,0
},0
/art gallery,4.0
& andover museum,3.666666666666667
history museum,3.666666666666667
museum,1.6666666666666667
category,1.0
name,1.0
category_list,1.0
id,1.0
[{,0
244600818962350,0
}],0
category,1.0
ironage,1.0
name,1.0
company,1.0
china,1.0
interest,1.0
id,1.0
111189828931392,0
588145324649571,0
{,0
},0
category,1.0
/region,1.0
ir,1.0
scandinavia,1.0
name,1.0
/province,1.0
state,1.0
id,1.0
1587173348268893,0
139112919449398,0
{,0
},0
retail and consumer merchandise,15.5
comics and collectibles,9.5
category,1.0
on,1.0
co,1.0
name,1.0
category_list,1.0
id,1.0
133510666716809,0
[{,0
mic book store,8.333333333333334
music store,4.333333333333334
toy store,4.333333333333334
name,1.0
id,1.0
15869041916110,0
}],0
396255327112122,0
178680352174443,0
{,0
},0
manufacturing ltd,4.0
category,1.0
name,1.0
pig,1.0
interest,1.0
profe,1.0
id,1.0
02,0
145051265521552,0
{,0
},0
commercial & industrial,4.0
ssional service,4.0
name,1.0
category_list,1.0
ir,1.0
id,1.0
}],0
[{,0
243290832429433,0
{,0
},0
322401074567225,0
local business,4.0
category,1.0
on,1.0
name,1.0
museum,1.0
book,1.0
id,1.0
sci-fi,1.0
120182031361172,0
58759942804,0
{,0
},0
category,1.0
name,1.0
of,1.0
musician,1.0
book,1.0
mystics,1.0
i,1.0
id,1.0
/band,1.0
4321,0
179705778748810,0
{,0
},0
northern aged,4.0
category,1.0
d,1.0
club,1.0
welding,1.0
id,1.0
name,1.0
105976552766870,0
297765076867,0
{,0
},0
local business,4.0
automotive repair,4.0
name,1.0
category_list,1.0
ag,1.0
id,1.0
1092649327413474,0
[{,0
}],0
149998721725634,0
{,0
},0
category,1.0
e,1.0
name,1.0
interest,1.0
mythology,1.0
id,1.0
fort,1.0
132616406771254,0
109186302447052,0
{,0
},0
shield insurance agency,9.0
record label,4.0
category,1.0
name,1.0
of,1.0
in,1.0
id,1.0
105305596474323,0
{,0
},0
surance company,4.0
insurance company,4.0
insurance broker,4.0
name,1.0
category_list,1.0
id,1.0
109594239116608,0
[{,0
2236,0
}],0
{,0
},0
local business,4.0
stone circle,4.0
category,1.0
rang,1.0
name,1.0
id,1.0
132532826783144,0
1018860084868163,0
{,0
},0
professional service,4.0
e agency,4.0
insurance agent,4.0
category,1.0
category_list,1.0
id,1.0
name,1.0
8198337647,0
152339818172592,0
[{,0
}],0
category,1.0
romania,1.0
name,1.0
country,1.0
stanwick,1.0
fortifications,1.0
id,1.0
cate,1.0
01900,0
304201179629648,0
{,0
},0
category,1.0
name,1.0
gory,1.0
community,1.0
garage,1.0
landmark,1.0
id,1.0
137017256318350,0
170708342940562,0
{,0
},0
category,1.0
the,1.0
name,1.0
musician,1.0
pig,1.0
id,1.0
/band,1.0
252651631,0
1613010005626068,0
{,0
},0
ireland project,4.0
and,1.0
category,1.0
name,1.0
category_list,1.0
late,1.0
roman,1.0
organization,1.0
id,1.0
[{,0
787639,0
198503866828628,0
{,0
},0
category,1.0
name,1.0
transportation,1.0
nam,1.0
uss,1.0
organization,1.0
id,1.0
133070690065244,0
{,0
}],0
342470462501919,0
},0
classic bodybuilding,4.0
community organization,4.0
category,1.0
e,1.0
name,1.0
collective,1.0
ca,1.0
id,1.0
972779516069750,0
{,0
},0
/wellness website,4.0
category,1.0
name,1.0
tegory,1.0
athlete,1.0
nam,1.0
health,1.0
id,1.0
196169003756313,0
841747619229811,0
{,0
},0
cold epoch,4.0
category,1.0
e,1.0
name,1.0
egypt,1.0
interest,1.0
id,1.0
1103,0
136140223084939,0
{,0
},0
category,1.0
germanic,1.0
name,1.0
poland,1.0
ca,1.0
interest,1.0
swastika,1.0
id,1.0
119669778079632,0
48485683101,0
{,0
},0
/wellness website,4.0
category,1.0
name,1.0
tegory,1.0
health,1.0
interest,1.0
fitness,1.0
id,1.0
155343071154345,0
42251509446473,0
{,0
},0
category,1.0
commu,1.0
co,1.0
name,1.0
food,1.0
gym,1.0
brewing,1.0
/beverages,1.0
id,1.0
215474865254409,0
2,0
{,0
},0
the crucible of,9.0
category,1.0
shetland,1.0
name,1.0
nity,1.0
interest,1.0
id,1.0
215471118496051,0
407059729408696,0
{,0
},0
gudvangen folk university of nordic,25.0
category,1.0
category_list,1.0
organization,1.0
nam,1.0
studies,1.0
id,1.0
[{,0
198503866828628,0
point agents,4.0
category,1.0
e,1.0
name,1.0
category_list,1.0
organization,1.0
education,1.0
id,1.0
}],0
198327773,0
[{,0
163711310317418,0
{,0
},0
mortgage brokers,4.0
real estate,4.0
name,1.0
education,1.0
id,1.0
}],0
136191809788079,0
7212637,0
{,0
},0
511962,0
2250,0
book series,4.0
category,1.0
name,1.0
of,1.0
musician,1.0
id,1.0
/band,1.0
719805888135378,0
27964963,0
{,0
},0
local business,4.0
restoration supplies,4.0
category,1.0
name,1.0
category_list,1.0
ageless,1.0
id,1.0
[{,0
2505746,0
124599651002122,0
{,0
},0
automotive parts store,9.0
automotive restoration service,9.0
name,1.0
id,1.0
}],0
35310474,0
101722343243,0
1800424276844680,0
{,0
},0
hoards in great britain,16.0
list of,4.0
category,1.0
name,1.0
categ,1.0
magazine,1.0
id,1.0
883,0
{,0
},0
325089350982887,0
europe,1.0
category,1.0
name,1.0
ory,1.0
a,1.0
community,1.0
interest,1.0
id,1.0
608873575908590,0
225470380977650,0
{,0
},0
modern industrial office furniture,13.5
ge office,5.0
weapon de,4.0
furniture,2.5
category,1.0
name,1.0
roman,1.0
id,1.0
588054847970312,0
{,0
},0
chef agency,4.0
local business,4.0
category,1.0
posits,1.0
name,1.0
interest,1.0
id,1.0
1678593165669,0
{,0
179135128862247,0
},0
sites in kosovo,9.0
bronze and,4.0
s creativ,4.0
category,1.0
name,1.0
copper,1.0
interest,1.0
id,1.0
59,0
{,0
},0
512395378811613,0
e agency,4.0
category,1.0
category_list,1.0
homes,1.0
company,1.0
id,1.0
name,1.0
2200,0
1031635243523392,0
[{,0
}],0
{,0
},0
category,1.0
/construction,1.0
name,1.0
engineering,1.0
interest,1.0
id,1.0
menhir,1.0
704685659582681,0
{,0
1450703,0
},0
ironage designs-robbie dolan,9.0
local business,4.0
category,1.0
snowden,1.0
name,1.0
id,1.0
{,0
118740114852204,0
},0
18900492,0
category,1.0
name,1.0
clothing,1.0
interest,1.0
village,1.0
id,1.0
117149738345478,0
{,0
},0
132213560150993,0
category,1.0
name,1.0
/toys,1.0
musician,1.0
games,1.0
interactive,1.0
id,1.0
/band,1.0
164624573614006,0
{,0
},0
just for fun,9.0
category,1.0
name,1.0
clothing,1.0
customs,1.0
id,1.0
227682414044611,0
110933618938093,0
{,0
},0
bronze and,4.0
category,1.0
co,1.0
name,1.0
religion,1.0
interest,1.0
clothing,1.0
id,1.0
},0
1083812725,0
538327946275706,0
{,0
for an,4.0
cold steel,4.0
sports team,4.0
category,1.0
name,1.0
age-colner-sorocaba-penks,1.0
id,1.0
739594706101098,0
{,0
},0
25919,0
small business,4.0
blacksmith courses,4.0
category,1.0
album,1.0
name,1.0
forge,1.0
id,1.0
357752007701221,0
{,0
},0
skate co,4.0
local business,4.0
category,1.0
communit,1.0
name,1.0
category_list,1.0
id,1.0
[{,0
}],0
578973835457576,0
{,0
},0
2500,0
category,1.0
name,1.0
tv,1.0
ageless,1.0
community,1.0
blacksmith,1.0
y,1.0
id,1.0
552489291603464,0
{,0
},0
408850575906404,0
tv network,4.0
category,1.0
name,1.0
na,1.0
community,1.0
society,1.0
id,1.0
784824694996194,0
133481066695761,0
{,0
},0
peoples of italy,9.0
age-a new beginning,9.0
me,1.0
category,1.0
name,1.0
musician,1.0
cate,1.0
the,1.0
id,1.0
/band,1.0
301327676696827,0
{,0
},0
of comics,4.0
category,1.0
a,1.0
c,1.0
name,1.0
gory,1.0
interest,1.0
id,1.0
142160979149284,0
409774612376951,0
{,0
},0
local business,4.0
category,1.0
name,1.0
category_list,1.0
forth,1.0
m,1.0
community,1.0
id,1.0
470086219706367,0
{,0
},0
local business,4.0
category,1.0
name,1.0
categor,1.0
age-road,1.0
river,1.0
id,1.0
407338945943828,0
[{,0
}],0
444575262278448,0
{,0
},0
local busine,4.0
asian grill,4.0
category,1.0
name,1.0
home,1.0
y_list,1.0
id,1.0
{,0
[{,0
}],0
520402754644124,0
},0
197289820310880,0
chinese restaurant,4.0
sushi restaurant,4.0
name,1.0
category_list,1.0
ss,1.0
i,1.0
id,1.0
174483852595760,0
134501539950711,0
[{,0
{,0
},0
asian fusion restaurant,9.0
fort gower wales,9.0
category,1.0
d,1.0
id,1.0
name,1.0
174201535963762,0
}],0
451624608193295,0
{,0
},0
local business,4.0
traprain law,4.0
name,1.0
category_list,1.0
h,1.0
id,1.0
[{,0
},0
}],0
{,0
451668771530248,0
2500,0
local business,4.0
ill fort,4.0
category,1.0
name,1.0
category_list,1.0
i,1.0
id,1.0
[{,0
}],0
{,0
458394060854423,0
},0
2500,0
barbecue restaurant,4.0
local business,4.0
category,1.0
ron,1.0
category_list,1.0
id,1.0
bbq,1.0
name,1.0
[{,0
150534008338515,0
149803325,0
{,0
},0
american restaurant,4.0
korean restaurant,4.0
name,1.0
id,1.0
}],0
077018,0
150896171638138,0
{,0
},0
469768806409258,0
aconbury woods,4.0
local business,4.0
category,1.0
name,1.0
category_list,1.0
id,1.0
fort,1.0
47245334944,0
[{,0
}],0
2500,0
tattoos and piercings,9.0
local business,4.0
category,1.0
tat,1.0
name,1.0
category_list,1.0
id,1.0
[{,0
3888,0
551469561691940,0
{,0
},0
too & piercing shop,9.0
footwear store,4.0
name,1.0
bodrifty,1.0
id,1.0
round,1.0
241930879506928,0
}],0
477318305617249,0
{,0
},0
local business,4.0
category,1.0
name,1.0
category_list,1.0
house,1.0
id,1.0
[{,0
480872535274184,0
}],0
{,0
},0
2500,0
local business,4.0
duluth ga,4.0
category,1.0
bar,1.0
name,1.0
category_list,1.0
na,1.0
id,1.0
}],0
[{,0
497463543654181,0
110290705711626,0
{,0
},0
/physical fitness center,9.0
local business,4.0
me,1.0
category,1.0
name,1.0
category_list,1.0
gym,1.0
id,1.0
[{,0
}],0
1695249460699877,0
ancient settlement on summit of yr eifl,49.0
r ceiri,4.0
local business,4.0
category,1.0
name,1.0
tre,1.0
cat,1.0
id,1.0
518582264957187,0
{,0
},0
local business,4.0
category,1.0
name,1.0
cate,1.0
egory_list,1.0
id,1.0
[{,0
}],0
{,0
378432202198314,0
},0
2500,0
local bus,4.0
city,1.0
name,1.0
rockville,1.0
gory_list,1.0
category,1.0
id,1.0
438640656173068,0
[{,0
224455390913969,0
}],0
{,0
},0
american restaurant,4.0
iness,1.0
bar,1.0
name,1.0
category_list,1.0
id,1.0
[{,0
18742,0
110290705711626,0
{,0
},0
149803325077018,0
burger restaurant,4.0
local busines,4.0
kinver edge,4.0
name,1.0
category,1.0
id,1.0
fort,1.0
5207958280,0
431507796913266,0
}],0
{,0
},0
tatoo parlor,4.0
local business,4.0
category,1.0
name,1.0
category_list,1.0
l,1.0
s,1.0
id,1.0
[{,0
}],0
419882831359170,0
{,0
},0
2500,0
tattoo & piercing shop,9.0
ocal business,4.0
name,1.0
category_list,1.0
id,1.0
419452551407401,0
[{,0
}],0
551469561691940,0
{,0
},0
local business,4.0
barbecue restaurant,4.0
category,1.0
name,1.0
category_list,1.0
id,1.0
bbq,1.0
[{,0
1498033250770,0
150534008338515,0
{,0
},0
american restaurant,4.0
food truck,4.0
hill f,4.0
name,1.0
id,1.0
413957418669147,0
18,0
224426430990363,0
}],0
{,0
},0
local business,4.0
ort mavisbank,4.0
category,1.0
name,1.0
category_list,1.0
region,1.0
id,1.0
115725465228008,0
404891289683126,0
[{,0
}],0
{,0
},0
local business,4.0
national park,4.0
category,1.0
name,1.0
category_list,1.0
id,1.0
fort,1.0
[{,0
205359639482698,0
}],0
398260,0
tattoos and piercings,9.0
local business,4.0
category,1.0
name,1.0
category_list,1.0
id,1.0
[{,0
551469561691940,0
400280645,0
{,0
},0
tattoo and body piercing,15.0
tattoo & piercing shop,10.0
local business,4.0
category,1.0
name,1.0
cat,1.0
id,1.0
396433617035951,0
}],0
{,0
},0
tattoo & piercing shop,8.5
tattoo studio,4.5
name,1.0
egory_list,1.0
id,1.0
[{,0
}],0
551469561691940,0
{,0
},0
388842044535077,0
tattoo & piercing shop,9.0
local business,4.0
category,1.0
name,1.0
category_list,1.0
id,1.0
[{,0
}],0
551469561691940,0
386570728065254,0
{,0
},0
local business,4.0
category,1.0
studios-st,1.0
name,1.0
category_list,1.0
louis,1.0
id,1.0
[{,0
41,0
}],0
2500,0
local business,4.0
hill fort,4.0
category,1.0
name,1.0
category_list,1.0
cadbury,1.0
id,1.0
621313281368869,0
[{,0
4952801848374,0
{,0
},0
professional service,4.0
recreation & fitness,4.0
category,1.0
name,1.0
category_list,1.0
id,1.0
}],0
[{,0
2,0
664308457000256,0
{,0
},0
local business,4.0
hill fort,4.0
castle hill,4.0
local busi,4.0
category,1.0
name,1.0
largs,1.0
id,1.0
}],0
1703430036569160,0
{,0
},0
500,0
fort craigphadrag,4.0
name,1.0
category_list,1.0
ness,1.0
monument,1.0
id,1.0
1627060000956643,0
[{,0
}],0
276651312419490,0
{,0
},0
local business,4.0
category,1.0
name,1.0
category_list,1.0
inverness,1.0
id,1.0
}],0
1489570724596751,0
[{,0
{,0
},0
2500,0
ii a,4.0
maiden song,4.0
of innocence,4.0
category,1.0
album,1.0
name,1.0
interest,1.0
id,1.0
111559792196211,0
{,0
},0
religion and war in late,25.0
the viking way,9.0
category,1.0
scandinavia,1.0
name,1.0
book,1.0
id,1.0
2324891,0
134964889867228,0
{,0
},0
category,1.0
late,1.0
name,1.0
stirling,1.0
scotland,1.0
cat,1.0
torcs,1.0
interest,1.0
id,1.0
60282671,0
182041791857714,0
{,0
},0
category,1.0
a,1.0
name,1.0
ages,1.0
community,1.0
uo,1.0
interest,1.0
egory,1.0
id,1.0
135124109851743,0
{,0
},0
310973115673763,0
experience the,4.0
ge metalfest,4.0
concert tour,4.0
category,1.0
name,1.0
education,1.0
id,1.0
2,0
{,0
182080085186313,0
},0
business service,4.0
category,1.0
manufact,1.0
name,1.0
agents,1.0
id,1.0
mamuber41,1.0
901121473296445,0
63137661580,0
{,0
},0
just for,4.0
uring ltd,4.0
truck show,4.0
category,1.0
/construction,1.0
name,1.0
ageing,1.0
engineering,1.0
id,1.0
450696704952558,0
{,0
},0
category,1.0
millenni,1.0
name,1.0
/beauty,1.0
fun,1.0
health,1.0
id,1.0
301535043203786,0
133874533645197,0
{,0
},0
retail and consumer merchandise,16.0
manoj pandey,4.0
& cement agency,4.0
category,1.0
name,1.0
um,1.0
id,1.0
938908926232653,0
{,0
},0
local business,4.0
business center,4.0
risbury i,4.0
name,1.0
category_list,1.0
id,1.0
[{,0
139745066094977,0
}],0
1347485201936988,0
{,0
},0
local business,4.0
hill fort,4.0
campus building,4.0
category,1.0
ron,1.0
category_list,1.0
herefordshire,1.0
id,1.0
name,1.0
[{,0
216161991738736,0
},0
local business,4.0
archiological dig,4.0
hatch farm,4.0
category,1.0
name,1.0
category_list,1.0
id,1.0
[{,0
],0
1330644890294983,0
1,0
{,0
},0
as scrabs,4.0
archaeological service,4.0
meltal compny,4.0
name,1.0
u0040,1.0
work,1.0
id,1.0
76393675739023,0
1084829231540386,0
}],0
{,0
},0
local business,4.0
category,1.0
name,1.0
category_list,1.0
m,1.0
nt,1.0
id,1.0
[{,0
},0
}],0
1000784756655234,0
{,0
2500,0
at mandalay bay events center,25.0
aiden and the raven,16.0
local business,4.0
category,1.0
category_list,1.0
na,1.0
id,1.0
1580360432264678,0
[{,0
promontory hill fort,9.0
performance & sports venue,9.0
caisteal mactuathal,4.0
me,1.0
name,1.0
an,1.0
cat,1.0
id,1.0
968499496558717,0
}],0
{,0
},0
local business,4.0
sports & recreation,4.0
category_list,1.0
egory,1.0
id,1.0
name,1.0
874498559328318,0
186982054657561,0
[{,0
}],0
{,0
},0
local business,4.0
roundhouse calverton,4.0
category,1.0
name,1.0
category_list,1.0
event,1.0
id,1.0
[{,0
}],0
192119584190796,0
7015,0
local business,4.0
pen dinas,4.0
hill fort,4.0
local bu,4.0
category,1.0
name,1.0
category_list,1.0
id,1.0
61283219603,0
[{,0
{,0
},0
2500,0
local business,4.0
age_iron residence,4.0
category,1.0
name,1.0
category_list,1.0
id,1.0
siness,1.0
691786287503303,0
}],0
1972898203108,0
[{,0
{,0
},0
hill fort in dinas dinlle,25.0
local business,4.0
on an,4.0
category,1.0
name,1.0
cate,1.0
home,1.0
id,1.0
{,0
}],0
530899676935489,0
80,0
},0
national park,4.0
ub300,1.0
uc2dc,1.0
name,1.0
gory_list,1.0
ucca0,1.0
id,1.0
uae30,1.0
662104577176444,0
[{,0
205359639482698,0
}],0
{,0
},0
local business,4.0
american restaurant,4.0
category,1.0
name,1.0
category_list,1.0
nam,1.0
id,1.0
[{,0
192803624072087,0
{,0
},0
149803325077018,0
fast food restaurant,9.0
bar,1.0
e,1.0
name,1.0
ca,1.0
bostadh,1.0
village,1.0
id,1.0
}],0
655105411278229,0
110290705711626,0
{,0
},0
local business,4.0
history museum,4.0
tegory,1.0
category_list,1.0
movie,1.0
id,1.0
name,1.0
192511100766680,0
244600818962350,0
[{,0
{,0
},0
local business,4.0
category,1.0
theater,1.0
name,1.0
category_list,1.0
nam,1.0
id,1.0
}],0
[{,0
646560655354378,0
150896171638138,0
{,0
},0
korean restaurant,4.0
american restaurant,4.0
bar,1.0
e,1.0
name,1.0
id,1.0
62185,0
}],0
110290705711626,0
{,0
},0
149803325077018,0
dinedor camp,4.0
local business,4.0
hill fort,4.0
category,1.0
name,1.0
category_list,1.0
id,1.0
n,1.0
115090141929327,0
[{,0
1934553347,0
},0
{,0
local business,4.0
category,1.0
name,1.0
category_list,1.0
ame,1.0
park,1.0
n,1.0
id,1.0
613127962153731,0
}],0
[{,0
{,0
},0
149803325077018,0
american restaurant,4.0
arts & entertainment,4.0
en,1.0
name,1.0
ame,1.0
id,1.0
604559956239794,0
133436743388217,0
}],0
{,0
},0
hotel & lodging,4.0
local business,4.0
category,1.0
name,1.0
category_list,1.0
id,1.0
campment,1.0
591423030881768,0
[{,0
505091123022329,0
}],0
local business,4.0
category,1.0
flat,1.0
name,1.0
category_list,1.0
home,1.0
my,1.0
id,1.0
57494945,0
[{,0
},0
}],0
{,0
197289820310880,0
trig point castle ring,16.0
local business,4.0
hill fort,4.0
category,1.0
name,1.0
category_list,1.0
id,1.0
[{,0
{,0
},0
5923317,0
2500,0
local business,4.0
hill fort,4.0
clifton camp,4.0
category,1.0
name,1.0
category_list,1.0
id,1.0
}],0
{,0
561250907335547,0
},0
national park,3.5
park,1.5
a,1.0
name,1.0
id,1.0
[{,0
115090141929327,0
205359639482698,0
}],0
{,0
},0
559608887410250,0
ge roundhouse,4.0
local business,4.0
category,1.0
bar,1.0
name,1.0
category_list,1.0
id,1.0
[{,0
273819889375819,0
110290705711626,0
{,0
},0
old down,4.0
local business,4.0
category,1.0
name,1.0
category_list,1.0
restaurant,1.0
id,1.0
fort,1.0
554792101252009,0
250,0
}],0
[{,0
{,0
},0
supply house,4.0
local business,4.0
category,1.0
name,1.0
category_list,1.0
id,1.0
}],0
0,0
{,0
163527447004064,0
},0
local business,4.0
category,1.0
name,1.0
porth,1.0
cate,1.0
fort,1.0
id,1.0
[{,0
}],0
227715337358845,0
{,0
},0
2500,0
local business,4.0
category,1.0
categ,1.0
name,1.0
gory_list,1.0
id,1.0
218582768195111,0
[{,0
}],0
{,0
},0
2500,0
american restaurant,4.0
bar,1.0
name,1.0
ory_list,1.0
id,1.0
}],0
206201436081310,0
[{,0
110290705711626,0
{,0
},0
149803325077018,0
local business,4.0
american restaurant,4.0
category,1.0
name,1.0
category_list,1.0
id,1.0
150,0
[{,0
{,0
},0
149803325077018,0
barbecue restaurant,4.0
bar,1.0
min,1.0
id,1.0
name,1.0
}],0
205688396244260,0
534008338515,0
110290705711626,0
{,0
},0
local business,4.0
category,1.0
e,1.0
name,1.0
category_list,1.0
burrough,1.0
id,1.0
[{,0
203954523138128,0
}],0
{,0
},0
2500,0
local business,4.0
hill fort,3.5
hill,1.5
category,1.0
name,1.0
category_list,1.0
park,1.0
id,1.0
}],0
20128292000,0
[{,0
115090141929327,0
local business,4.0
american restaurant,4.0
category,1.0
name,1.0
category_list,1.0
i,1.0
id,1.0
1233,0
[{,0
{,0
},0
149803325077018,0
local business,4.0
category,1.0
bar,1.0
d,1.0
category_list,1.0
studio,1.0
id,1.0
name,1.0
}],0
197091160315105,0
110290705711626,0
{,0
},0
local busin,4.0
art gallery,4.0
category,1.0
ageeeee,1.0
name,1.0
u003c3,1.0
id,1.0
194692847621129,0
[{,0
},0
}],0
{,0
197384240287028,0
local business,4.0
korean bbq,4.0
category,1.0
ess,1.0
name,1.0
category_list,1.0
l,1.0
id,1.0
[{,0
192424897508947,0
}],0
{,0
},0
2500,0
ocal business,4.0
korean restaurant,4.0
chinese rest,4.0
name,1.0
category_list,1.0
id,1.0
[{,0
174483852595760,0
150896171638138,0
{,0
},0
barbecue restaurant,4.0
category,1.0
aurant,1.0
milber,1.0
fort,1.0
id,1.0
name,1.0
150534008338515,0
}],0
182049788511984,0
{,0
},0
local business,4.0
name,1.0
category_list,1.0
landmark,1.0
id,1.0
cate,1.0
165828603541049,0
[{,0
}],0
209889829023118,0
{,0
},0
local business,4.0
american restaurant,4.0
name,1.0
category_list,1.0
gory,1.0
ba,1.0
id,1.0
[{,0
110290705711626,0
{,0
},0
149803325077018,0
hill fort old sodbury,16.0
local business,4.0
category,1.0
name,1.0
category_list,1.0
r,1.0
id,1.0
505091,0
368282203246359,0
}],0
[{,0
{,0
},0
hotel & lodging,4.0
local business,4.0
category,1.0
name,1.0
categor,1.0
id,1.0
roundhouse,1.0
}],0
150553645121452,0
123022329,0
{,0
},0
local business,4.0
category,1.0
c,1.0
name,1.0
studio,1.0
y_list,1.0
id,1.0
[{,0
}],0
148623575206596,0
{,0
},0
2500,0
a small but highly radioactive iron-,36.0
local business,4.0
name,1.0
ategory_list,1.0
s,1.0
id,1.0
[{,0
148179428597682,0
}],0
{,0
},0
2500,0
local business,4.0
category,1.0
ettlement,1.0
name,1.0
category_list,1.0
id,1.0
[{,0
}],0
147524461984863,0
{,0
},0
2500,0
local business,4.0
church stoke,3.5
church,1.5
category,1.0
name,1.0
category_list,1.0
id,1.0
fort,1.0
[{,0
192134360811676,0
}],0
1463190,0
local business,4.0
category,1.0
name,1.0
category_list,1.0
village,1.0
id,1.0
[{,0
35511270,0
}],0
{,0
},0
2500,0
korean restaur,4.0
local business,4.0
category,1.0
name,1.0
category_list,1.0
id,1.0
[{,0
142651865858574,0
150896171638138,0
{,0
},0
mission andover,4.0
local business,4.0
category,1.0
name,1.0
category_list,1.0
nam,1.0
ant,1.0
id,1.0
139904612832044,0
}],0
[{,0
{,0
},0
2500,0
hill fort and nature reserve or north downs way,81.0
local business,4.0
categ,1.0
e,1.0
name,1.0
bigbury,1.0
id,1.0
}],0
134833183328096,0
{,0
},0
local business,4.0
name,1.0
category_list,1.0
ory,1.0
museum,1.0
id,1.0
[{,0
}],0
126006160896766,0
{,0
},0
2500,0
local business,4.0
history museum,4.0
category,1.0
name,1.0
category_list,1.0
id,1.0
244600818962350,0
[{,0
}],0
124533550957988,0
{,0
},0
local business,4.0
category,1.0
name,1.0
category_list,1.0
i,1.0
id,1.0
[{,0
121410547998597,0
}],0
{,0
},0
2500,0
ron gage,4.0
local business,4.0
recreation & fitness,4.0
category,1.0
name,1.0
category_list,1.0
u7403,1.0
u5834,1.0
u7c43,1.0
id,1.0
621313281368869,0
[{,0
},0
local business,4.0
category,1.0
name,1.0
category_list,1.0
asian,1.0
id,1.0
[{,0
],0
185855984789970,0
238607486301071,0
{,0
},0
local business,4.0
maes knoll,4.0
category,1.0
name,1.0
category_list,1.0
restaurant,1.0
camp,1.0
id,1.0
250,0
}],0
377472825676306,0
[{,0
{,0
},0
local business,4.0
category,1.0
md,1.0
name,1.0
restaurant,1.0
rockville,1.0
c,1.0
id,1.0
357322974342053,0
}],0
0,0
{,0
},0
new american restaurant,8.5
italian restaurant,4.5
name,1.0
ategory_list,1.0
id,1.0
193831710644458,0
[{,0
110107385737667,0
{,0
},0
local business,4.0
category,1.0
name,1.0
steakhouse,1.0
category_lis,1.0
id,1.0
}],0
352859748191825,0
{,0
198367566846946,0
},0
american restaurant,4.0
bar,1.0
name,1.0
t,1.0
id,1.0
}],0
[{,0
110290705711626,0
{,0
344099728984340,0
},0
149803325077018,0
croft ambrey,4.0
local business,4.0
hill fort,4.0
category,1.0
name,1.0
category_list,1.0
id,1.0
}],0
[{,0
342,0
2500,0
local business,4.0
category,1.0
ub300,1.0
uc2dc,1.0
category_list,1.0
name,1.0
ucca0,1.0
id,1.0
uae30,1.0
326349141015,0
167954166588517,0
[{,0
{,0
},0
american restaurant,4.0
bar,1.0
name,1.0
diner,1.0
id,1.0
}],0
333359406747,0
110290705711626,0
{,0
},0
149803325077018,0
local business,4.0
category,1.0
name,1.0
category_list,1.0
beauty,1.0
id,1.0
742,0
[{,0
1631622800493411,0
}],0
333295286,0
{,0
},0
local business,4.0
local busi,4.0
villagr,1.0
category,1.0
name,1.0
category_list,1.0
id,1.0
rowner,1.0
hosport,1.0
[{,0
{,0
},0
732898,0
2500,0
local business,4.0
category,1.0
loc,1.0
name,1.0
category_list,1.0
ness,1.0
place,1.0
id,1.0
}],0
325887740891610,0
[{,0
{,0
},0
2500,0
local business,4.0
al business,4.0
surplus steel &,4.0
category,1.0
name,1.0
category_list,1.0
id,1.0
318225114899622,0
}],0
18,0
[{,0
{,0
},0
clothing store,4.0
commercial & industrial,4.0
name,1.0
id,1.0
6230924744328,0
243290832429433,0
{,0
1758418281071392,0
},0
local business,4.0
local service,4.0
category,1.0
tattoo,1.0
name,1.0
category_list,1.0
id,1.0
}],0
307455122680684,0
[{,0
551469,0
{,0
},0
tattoo & piercing shop,9.0
korean restaurant,4.0
local busi,4.0
category,1.0
name,1.0
id,1.0
}],0
279116338769225,0
561691940,0
{,0
},0
korean restaurant,4.0
sushi restaurant,4.0
name,1.0
category_list,1.0
ness,1.0
id,1.0
[{,0
134501539950711,0
150896171638138,0
{,0
},0
stone fort,4.0
chinese restaurant,4.0
category,1.0
knocdrum,1.0
name,1.0
l,1.0
id,1.0
}],0
174483852595760,0
271162442989942,0
{,0
},0
man more like middl,16.0
ocal business,4.0
local business,4.0
name,1.0
category_list,1.0
id,1.0
[{,0
}],0
271118806422808,0
{,0
},0
2500,0
e aged gay man,16.0
local business,4.0
category,1.0
name,1.0
category_list,1.0
na,1.0
id,1.0
[{,0
261964840608762,0
}],0
{,0
},0
2500,0
local business,4.0
me,1.0
troll,1.0
name,1.0
category_list,1.0
category,1.0
id,1.0
[{,0
}],0
261240533981039,0
},0
2500,0
korean restaurant,4.0
local business,4.0
category,1.0
name,1.0
category_list,1.0
id,1.0
ga,1.0
atlanta,1.0
[{,0
{,0
192803624072087,0
fast food restaurant,8.5
korean restaurant,4.5
name,1.0
brewery,1.0
id,1.0
144535972273084,0
}],0
258,0
150896171638138,0
{,0
},0
local business,4.0
highweek hill,4.0
category,1.0
name,1.0
category_list,1.0
id,1.0
hillfort,1.0
n,1.0
560937574449,0
[{,0
133436743388217,0
},0
{,0
local business,4.0
arts & entertainment,4.0
hill fort,4.0
castle naze,4.0
category,1.0
name,1.0
ame,1.0
id,1.0
cate,1.0
}],0
},0
{,0
253651398110638,0
neighborhood,1.0
name,1.0
gory_list,1.0
id,1.0
[{,0
240950306106382,0
}],0
2405,0
206555552714503,0
{,0
},0
local business,4.0
category,1.0
city,1.0
name,1.0
category_list,1.0
id,1.0
231065997015837,0
[{,0
224455390913969,0
}],0
{,0
},0
local business,4.0
category,1.0
shopping,1.0
name,1.0
category_list,1.0
/retail,1.0
id,1.0
200600219953504,0
[{,0
}],0
30339197644502,0
local business,4.0
korean bbq,4.0
barbecue restaura,4.0
category,1.0
name,1.0
category_list,1.0
id,1.0
[{,0
150534008338515,0
4,0
{,0
},0
korean restaurant,4.0
chinese restaurant,4.0
name,1.0
nt,1.0
id,1.0
174483852595760,0
}],0
49017094106,0
150896171638138,0
{,0
},0
castell henllys,4.0
local business,4.0
category,1.0
name,1.0
category_list,1.0
id,1.0
trav,1.0
fort,1.0
128232937246338,0
[{,0
8937,0
{,0
},0
hill fort,4.0
local business,4.0
el & transportation,4.0
category,1.0
trencrom,1.0
name,1.0
category_list,1.0
id,1.0
}],0
196904133666504,0
{,0
},0
hill fort,4.0
old oswestry,4.0
category,1.0
name,1.0
local,1.0
region,1.0
id,1.0
115725465228008,0
[{,0
}],0
{,0
},0
217973314929603,0
historical place,4.0
woolsbarrow,1.0
name,1.0
category_list,1.0
business,1.0
id,1.0
119979008062941,0
[{,0
}],0
197097220301977,0
{,0
},0
local business,4.0
historical place,4.0
category,1.0
name,1.0
category_list,1.0
hillfort,1.0
id,1.0
3419110125,0
[{,0
}],0
197097220301977,0
local business,4.0
/physical fitne,4.0
category,1.0
name,1.0
category_list,1.0
gym,1.0
id,1.0
[{,0
1695249460699877,0
39001,0
{,0
},0
ss center,4.0
public places,4.0
category,1.0
name,1.0
category_list,1.0
gym,1.0
of,1.0
id,1.0
849560215097339,0
}],0
[{,0
62131328136886,0
{,0
},0
local business,4.0
recreation & fitness,4.0
category,1.0
name,1.0
category_list,1.0
id,1.0
}],0
[{,0
140409842702250,0
9,0
{,0
},0
local business,4.0
pilsdon pen,4.0
category,1.0
fort,1.0
name,1.0
cate,1.0
id,1.0
}],0
{,0
2500,0
},0
129388557142306,0
mountain,1.0
name,1.0
city,1.0
gory_list,1.0
tr,1.0
id,1.0
[{,0
224455390913969,0
128232937246338,0
194201147294761,0
{,0
},0
local business,4.0
avel & transportation,4.0
category,1.0
name,1.0
category_list,1.0
id,1.0
15089617,0
}],0
345193632303689,0
[{,0
{,0
},0
korean restaurant,4.0
american restaurant,4.0
bar,1.0
name,1.0
id,1.0
110290705711626,0
{,0
1638138,0
},0
149803325077018,0
local busine,4.0
local business,4.0
category,1.0
name,1.0
category_list,1.0
ring,1.0
id,1.0
[{,0
],0
{,0
2500,0
},0
263122650462728,0
home improvement,4.0
category,1.0
name,1.0
category_list,1.0
ss,1.0
id,1.0
192832640732237,0
[{,0
}],0
{,0
},0
108427109235243,0
home improvement,4.0
local business,4.0
category,1.0
category_list,1.0
i,1.0
museum,1.0
id,1.0
andover &,1.0
name,1.0
137279893083222,0
}],0
[{,0
{,0
},0
local business,4.0
history museum,4.0
category,1.0
d,1.0
category_,1.0
id,1.0
name,1.0
}],0
244600818962350,0
454616838064524,0
{,0
},0
local business,4.0
category,1.0
shopping,1.0
name,1.0
/retail,1.0
list,1.0
id,1.0
200600219953504,0
[{,0
}],0
{,0
},0
483380855190387,0
category,1.0
shopping,1.0
name,1.0
category_list,1.0
/retail,1.0
l,1.0
id,1.0
200600219953504,0
[{,0
}],0
1751876971713308,0
{,0
},0
ocal business,4.0
name,1.0
category_list,1.0
/retail,1.0
shopping,1.0
id,1.0
200600219953504,0
[{,0
1739284136313085,0
}],0
{,0
},0
local business,4.0
category,1.0
shopping,1.0
name,1.0
category_list,1.0
/retail,1.0
id,1.0
200600219953504,0
[{,0
}],0
1457872131180759,0
{,0
},0
business service,4.0
local business,4.0
category,1.0
name,1.0
category_list,1.0
id,1.0
187133811318958,0
[{,0
}],0
920146178054,0
clothing store,4.0
local business,4.0
category,1.0
name,1.0
category_list,1.0
id,1.0
}],0
704,0
186230924744328,0
[{,0
{,0
},0
14,0
art gall,4.0
local business,4.0
category,1.0
name,1.0
category_list,1.0
studio,1.0
id,1.0
[{,0
197384240287028,0
09651509304446,0
{,0
},0
performance & sports venue,9.0
name,1.0
museum,1.0
ery,1.0
id,1.0
617225311647,0
}],0
{,0
},0
197817313562497,0
1580360432264678,0
local business,4.0
footwear store,4.0
category,1.0
name,1.0
category_list,1.0
id,1.0
[{,0
241930879506928,0
40,0
}],0
005,0
{,0
},0
local business,4.0
footwear store,4.0
category,1.0
name,1.0
category_list,1.0
id,1.0
[{,0
3146886536816,0
241930879506928,0
{,0
},0
local business,4.0
category,1.0
name,1.0
category_list,1.0
crafters,1.0
id,1.0
124816677590074,0
[{,0
587715661368117,0
],0
{,0
},0
local business,4.0
category,1.0
name,1.0
category_list,1.0
contractor,1.0
id,1.0
}],0
241930879506928,0
123008647758148,0
[{,0
{,0
},0
local business,4.0
footwear store,4.0
category,1.0
name,1.0
category_list,1.0
id,1.0
24193,0
}],0
1376672005941242,0
[{,0
{,0
},0
local business,4.0
footwear store,4.0
the,1.0
name,1.0
category_,1.0
farm,1.0
category,1.0
id,1.0
0879506928,0
}],0
854502827965524,0
{,0
},0
local busi,4.0
history museum,4.0
category,1.0
name,1.0
list,1.0
forge,1.0
id,1.0
iron-,1.0
651922754956105,0
[{,0
244600818962350,0
}],0
{,0
},0
commercial & industrial,4.0
name,1.0
category_list,1.0
ness,1.0
for,1.0
id,1.0
[{,0
1580072698950002,0
}],0
243290832429433,0
{,0
},0
local business,4.0
commercial & industrial,4.0
category,1.0
name,1.0
category_list,1.0
ge,1.0
id,1.0
[{,0
17567929912616,0
}],0
243290832429433,0
cro-monolithic remixes for an,16.0
woodkid song,3.5
song,1.5
category,1.0
c,1.0
name,1.0
id,1.0
227830374026762,0
73,0
{,0
},0
research student symposium,9.0
album,1.0
category,1.0
17th,1.0
ategory,1.0
community,1.0
id,1.0
name,1.0
104028932965478,0
5870452,0
{,0
},0
affordable american insurance,8.5
insurance company,4.5
nancy vences,4.0
category,1.0
agency,1.0
name,1.0
category_list,1.0
68052262,0
{,0
},0
[,0
insurance company,4.0
insurance broker,4.0
name,1.0
th,1.0
id,1.0
109594239116608,0
604900976327141,0
2236,0
}],0
{,0
},0
category,1.0
the,1.0
e,1.0
name,1.0
collective,1.0
community,1.0
company,1.0
id,1.0
246110575441618,0
23727356,0
{,0
},0
just for fun,9.0
display by,4.0
garrett quast,4.0
category,1.0
celtic,1.0
name,1.0
f,1.0
id,1.0
123697211087756,0
8892,0
{,0
},0
outdoor gear,4.0
/sporting goods,4.0
itness clothing,4.0
recreation & fitness,4.0
category,1.0
name,1.0
category_list,1.0
id,1.0
621313281368869,0
[{,0
affordable american insurance,9.0
clothing store,4.0
name,1.0
agenc,1.0
id,1.0
}],0
186230924744328,0
{,0
663228903812626,0
},0
professional service,4.0
insurance broker,4.0
category,1.0
name,1.0
category_list,1.0
y,1.0
id,1.0
109594239116608,0
[{,0
116920278383819,0
}],0
category,1.0
the,1.0
larp,1.0
name,1.0
of,1.0
games,1.0
agenda,1.0
/toys,1.0
id,1.0
503878846308261,0
{,0
},0
price sellswo,4.0
category,1.0
name,1.0
remains,1.0
musician,1.0
id,1.0
/band,1.0
193809843936,0
487223141327115,0
{,0
},0
rd agency,4.0
category,1.0
/defense,1.0
name,1.0
/toys,1.0
frp,1.0
games,1.0
aerospace,1.0
id,1.0
4820,0
1735796170010762,0
{,0
},0
kevin and derek,9.0
jp giarde,4.0
category,1.0
the,1.0
art,1.0
name,1.0
artist,1.0
a,1.0
id,1.0
09828489444,0
337417329732487,0
{,0
},0
fort on british camp to promote tour,49.0
lets rebuild an,9.0
ge rescue pigs,9.0
category,1.0
name,1.0
pet,1.0
id,1.0
1447597128898258,0
{,0
},0
ism and jobs,9.0
education consultancy pvt,9.0
category,1.0
name,1.0
edu,1.0
community,1.0
ltd,1.0
id,1.0
1428216584159834,0
{,0
},0
awesome shirts,4.0
category,1.0
a,1.0
name,1.0
community,1.0
cation,1.0
id,1.0
259552250817638,0
{,0
},0
198309830595299,0
ge awesome tees,9.0
shirt boutique,4.0
category,1.0
name,1.0
community,1.0
id,1.0
1784749305135189,0
{,0
},0
shirt boutique,4.0
category,1.0
name,1.0
southern,1.0
community,1.0
id,1.0
1072631516186522,0
1706516186334922,0
{,0
},0
concentration or major,9.0
category,1.0
name,1.0
company,1.0
africa,1.0
agencia,1.0
id,1.0
1695092434147000,0
343308599,0
{,0
},0
awesome shirts,4.0
awesome t-shirts,4.0
category,1.0
name,1.0
community,1.0
id,1.0
181521,0
1150416971690602,0
{,0
},0
awesome shirts,4.0
category,1.0
name,1.0
community,1.0
id,1.0
861691660633637,0
{,0
},0
338757926473428,0
scott sanders agency farm bureau insurance,36.0
professional service,4.0
category,1.0
name,1.0
category_list,1.0
id,1.0
109594239116608,0
[{,0
financial planner,4.0
insurance agent,4.0
insurance broker,4.0
name,1.0
id,1.0
152339818172592,0
}],0
{,0
},0
226294394420792,0
awesome t-shirts,4.0
category,1.0
a,1.0
community,1.0
id,1.0
ias,1.0
name,1.0
595706483935309,0
634530039960741,0
{,0
},0
appreciation day is february 29,16.0
ge society,4.0
category,1.0
commu,1.0
name,1.0
community,1.0
id,1.0
106003942791238,0
{,0
},0
cool t-shirts,4.0
category,1.0
name,1.0
nity,1.0
community,1.0
id,1.0
317225328329890,0
{,0
1253979794622050,0
},0
awesome tshirts,4.0
digital agency,4.0
category,1.0
name,1.0
company,1.0
community,1.0
id,1.0
100500,0
692423514247461,0
{,0
},0
sports league,4.0
italia the,4.0
category,1.0
name,1.0
mr,1.0
id,1.0
federation,1.0
2172952588,0
1505118796389003,0
{,0
},0
ironage portugal,4.0
sports team,4.0
category,1.0
name,1.0
university,1.0
id,1.0
1555250581394304,0
315452971852245,0
{,0
},0
/ lkj agency inc,16.0
landstar ranger,4.0
category,1.0
transportation,1.0
name,1.0
category_list,1.0
cargo &,1.0
id,1.0
[{,0
184395321600410,0
the miller family agency,16.0
farmers insurance,4.0
/financial s,4.0
freight company,4.0
category,1.0
name,1.0
id,1.0
bank,1.0
}],0
117752024957746,0
{,0
},0
insurance agent,4.0
insurance broker,4.0
name,1.0
category_list,1.0
ervice,1.0
id,1.0
109594239116608,0
152339818172592,0
[{,0
}],0
{,0
},0
of warlords cze cz,16.0
personal website,4.0
category,1.0
name,1.0
id,1.0
shield,1.0
331890920206635,0
{,0
117818958554589,0
},0
istruttori e personal trainer,16.0
and roman,4.0
a late,4.0
category,1.0
coach,1.0
name,1.0
id,1.0
the,1.0
126506337543003,0
{,0
},0
o-british farmstead at cedars park,25.0
property insura,4.0
category,1.0
name,1.0
book,1.0
stowmarket,1.0
suffolk,1.0
id,1.0
},0
{,0
205692873200377,0
strong fit and ageless,16.0
nce agency,4.0
jeannie brown,4.0
category,1.0
name,1.0
angel,1.0
community,1.0
id,1.0
139294126170611,0
{,0
},0
farmers insurance agency development center sacramento dm ryan nuttall,81.0
category,1.0
name,1.0
community,1.0
id,1.0
133032183532935,0
{,0
},0
insurance company,4.0
insurance broker,4.0
name,1.0
category_list,1.0
id,1.0
109594239116608,0
2236,0
[{,0
{,0
},0
local business,4.0
category,1.0
name,1.0
category_list,1.0
shop,1.0
id,1.0
200600219953504,0
}],0
[{,0
337135269801382,0
{,0
},0
local business,4.0
category,1.0
name,1.0
category_list,1.0
/retail,1.0
ping,1.0
id,1.0
}],0
133436743388217,0
[{,0
870053169730412,0
{,0
},0
local business,4.0
arts & entertainment,4.0
category,1.0
name,1.0
category_list,1.0
id,1.0
}],0
509108622610409,0
[{,0
2,0
{,0
},0
local business,4.0
category,1.0
global,1.0
name,1.0
category_list,1.0
id,1.0
}],0
[{,0
1672746229671518,0
{,0
},0
500,0
local business,4.0
category,1.0
name,1.0
hotel,1.0
category_list,1.0
id,1.0
1015287465183203,0
}],0
164243073639257,0
{,0
},0
local business,4.0
name,1.0
agency,1.0
contractor,1.0
category,1.0
id,1.0
catego,1.0
124816677590074,0
482175441962769,0
[{,0
}],0
{,0
},0
category,1.0
ry_list,1.0
loca,1.0
shopping,1.0
name,1.0
/retail,1.0
studio,1.0
id,1.0
200600219953504,0
[{,0
}],0
975430379155139,0
{,0
},0
tattoo & piercing shop,9.0
l business,4.0
name,1.0
category_list,1.0
id,1.0
[{,0
}],0
551469561691940,0
{,0
171398566250598,0
},0
skin care service,9.0
local business,4.0
category,1.0
name,1.0
category_list,1.0
n,1.0
id,1.0
1644814599176740,0
[{,0
}],0
210004446041736,0
{,0
},0
local business,4.0
category,1.0
theater,1.0
name,1.0
category_list,1.0
museum,1.0
ame,1.0
id,1.0
10159344991,0
[{,0
}],0
197817313562497,0
local business,4.0
category,1.0
shopping,1.0
name,1.0
category_list,1.0
rockville,1.0
/retai,1.0
id,1.0
200600219953504,0
[{,0
{,0
},0
2148,0
local business,4.0
category,1.0
loc,1.0
name,1.0
category_list,1.0
l,1.0
id,1.0
originals,1.0
}],0
1603531379935630,0
[{,0
{,0
2500,0
},0
local business,4.0
al business,4.0
category,1.0
name,1.0
category_list,1.0
corporation,1.0
id,1.0
247568858921489,0
}],0
[{,0
200600,0
{,0
},0
local business,4.0
canada,1.0
category,1.0
shopping,1.0
name,1.0
/retail,1.0
category_l,1.0
id,1.0
}],0
512073225636100,0
219953504,0
{,0
},0
category,1.0
shopping,1.0
name,1.0
/retail,1.0
ist,1.0
canada-protective,1.0
id,1.0
200600219953504,0
610844719078133,0
[{,0
}],0
{,0
},0
local business,4.0
shopping,1.0
name,1.0
category_list,1.0
/retail,1.0
ag,1.0
id,1.0
200600219953504,0
[{,0
}],0
536735493171402,0
{,0
},0
local business,4.0
e holdings,4.0
category,1.0
shopping,1.0
name,1.0
category_list,1.0
/retail,1.0
id,1.0
200600219953504,0
[{,0
1139141086100,0
}],0
garden center,4.0
local business,4.0
canada,1.0
name,1.0
category_list,1.0
i,1.0
category,1.0
id,1.0
147,0
[{,0
}],0
193271047368648,0
{,0
},0
local business,4.0
category,1.0
d,1.0
category_list,1.0
antiques,1.0
id,1.0
s,1.0
name,1.0
200600219953504,0
[{,0
{,0
},0
226243387770588,0
manufacturing and design,9.0
ages wrought,4.0
category,1.0
name,1.0
hopping,1.0
/retail,1.0
company,1.0
id,1.0
}],0
93049,0
{,0
},0
610646462406731,0
performance venue,4.0
agez mu,4.0
category,1.0
name,1.0
national,1.0
id,1.0
hardware,1.0
chile,1.0
605879269589224,0
4470331441,0
{,0
},0
keller williams realty,9.0
super agent team,9.0
& bharath agencies,4.0
business service,4.0
category,1.0
name,1.0
id,1.0
409802249088464,0
{,0
},0
real e,4.0
local service,4.0
real estate,4.0
category,1.0
name,1.0
category_list,1.0
id,1.0
192625037432720,0
[{,0
{,0
1758418281071392,0
},0
state service,4.0
local business,4.0
category,1.0
protective,1.0
name,1.0
category_list,1.0
id,1.0
}],0
269342763436381,0
[{,0
{,0
},0
20060,0
local business,4.0
category,1.0
shopping,1.0
name,1.0
/retail,1.0
category_,1.0
images,1.0
id,1.0
}],0
422562434600115,0
0219953504,0
{,0
},0
local business,4.0
category,1.0
name,1.0
ca,1.0
list,1.0
design,1.0
id,1.0
1589901641270642,0
[{,0
}],0
{,0
},0
2500,0
commercial & industrial,4.0
name,1.0
tegory_list,1.0
hil,1.0
id,1.0
danebury,1.0
}],0
[{,0
243290832429433,0
{,0
},0
1599066027084745,0
business service,4.0
local business,4.0
category,1.0
name,1.0
category_list,1.0
lfort,1.0
id,1.0
187133811318958,0
[{,0
}],0
121618931585239,0
},0
local business,4.0
clothing store,4.0
category,1.0
name,1.0
category_list,1.0
corporation,1.0
i,1.0
id,1.0
[{,0
186230924744328,0
}],0
{,0
local business,4.0
category,1.0
d,1.0
category_list,1.0
of,1.0
design,1.0
id,1.0
name,1.0
[{,0
243290832429433,0
119294364787927,0
{,0
},0
local business,4.0
commercial & industrial,4.0
category,1.0
name,1.0
category_list,1.0
id,1.0
furnishings,1.0
}],0
[{,0
454118654781529,0
{,0
},0
local busi,4.0
category,1.0
protective,1.0
shopping,1.0
name,1.0
/retail,1.0
id,1.0
200600219953504,0
}],0
1489139014731604,0
{,0
},0
clothing store,4.0
name,1.0
category_list,1.0
ness,1.0
design,1.0
id,1.0
cate,1.0
[{,0
}],0
274974412627230,0
{,0
186230924744328,0
},0
local business,4.0
construction company,4.0
name,1.0
category_list,1.0
gory,1.0
id,1.0
530126207179123,0
[{,0
}],0
442647999258906,0
{,0
},0
local business,4.0
category,1.0
arts,1.0
shopping,1.0
name,1.0
category_list,1.0
/retail,1.0
id,1.0
200600219953504,0
[{,0
962234047,0
}],0
commercial & in,4.0
local business,4.0
category,1.0
studios,1.0
name,1.0
category_list,1.0
id,1.0
174895,0
[{,0
243290832429433,0
{,0
},0
local business,4.0
canada,1.0
category,1.0
name,1.0
category_list,1.0
dustrial,1.0
id,1.0
}],0
788860817907693,0
[{,0
24193087950692,0
{,0
},0
local business,4.0
footwear store,4.0
canada,1.0
category,1.0
name,1.0
category_list,1.0
id,1.0
}],0
370188223151826,0
[{,0
8,0
{,0
},0
footwear store,4.0
local business,4.0
category,1.0
protective,1.0
name,1.0
id,1.0
241930879506928,0
}],0
1599274493645357,0
{,0
},0
shopping,1.0
name,1.0
category_list,1.0
/retail,1.0
canada,1.0
id,1.0
catego,1.0
1615104442082646,0
200600219953504,0
[{,0
}],0
{,0
},0
local business,4.0
footwear store,4.0
category_list,1.0
ry,1.0
ag,1.0
id,1.0
name,1.0
241930879506928,0
[{,0
572549902903688,0
}],0
{,0
},0
local business,4.0
e canada-protective,4.0
footwear store,4.0
category,1.0
category_list,1.0
id,1.0
name,1.0
241930879506928,0
[{,0
}],0
194572,0
local business,4.0
category,1.0
studios,1.0
name,1.0
category_list,1.0
advertising,1.0
id,1.0
914259784,0
[{,0
1757592557789532,0
{,0
},0
local business,4.0
/marketing service,4.0
category,1.0
name,1.0
category_list,1.0
footwear,1.0
id,1.0
}],0
[{,0
792247187561137,0
2,0
{,0
},0
hill fort,4.0
local busine,4.0
footwear store,4.0
category,1.0
name,1.0
danebury,1.0
id,1.0
}],0
41930879506928,0
{,0
},0
490505071138954,0
historical place,4.0
name,1.0
category_list,1.0
ss,1.0
design,1.0
id,1.0
cate,1.0
}],0
440783379442654,0
[{,0
197097220301977,0
{,0
},0
business service,4.0
local business,4.0
name,1.0
category_list,1.0
gory,1.0
bl,1.0
id,1.0
187133811318958,0
[{,0
1004320982920371,0
}],0
{,0
},0
oodgate hill,4.0
category,1.0
name,1.0
category_list,1.0
landmark,1.0
id,1.0
fort,1.0
[{,0
14502936884,0
}],0
209889829023118,0
bound agency,4.0
local business,4.0
category,1.0
name,1.0
category_list,1.0
id,1.0
[{,0
1148,0
}],0
126,0
{,0
},0
2500,0
pearls and scarlett dress agency,25.0
category,1.0
shopping,1.0
name,1.0
category_list,1.0
/retail,1.0
id,1.0
[{,0
},0
113380777197,0
{,0
128753240528981,0
s clothing store,9.0
local business,4.0
category,1.0
protective,1.0
name,1.0
category_list,1.0
id,1.0
women,1.0
136629906231,0
}],0
{,0
},0
local busines,4.0
category,1.0
farm,1.0
shopping,1.0
name,1.0
/retail,1.0
id,1.0
200600219953504,0
423665831154222,0
[{,0
}],0
{,0
},0
shopping,1.0
name,1.0
category_list,1.0
ornamental,1.0
/retail,1.0
s,1.0
id,1.0
200600219953504,0
[{,0
}],0
1603633879884766,0
{,0
},0
local business,4.0
commercial & industrial,4.0
category,1.0
name,1.0
category_list,1.0
id,1.0
855131634606143,0
[{,0
}],0
243290832429433,0
{,0
},0
local business,4.0
category,1.0
name,1.0
category_list,1.0
stanwick,1.0
fortifications,1.0
governme,1.0
id,1.0
[{,0
1032965636792826,0
nt building,4.0
local business,4.0
tree agency,4.0
category,1.0
category_list,1.0
id,1.0
name,1.0
}],0
[{,0
344508555,0
1607537856238018,0
{,0
},0
department store,4.0
construction fence,4.0
local business,4.0
category,1.0
name,1.0
c,1.0
id,1.0
iron-,1.0
}],0
130596980620260,0
610070,0
{,0
},0
home improvement,4.0
metal works,4.0
ategory_list,1.0
cate,1.0
id,1.0
name,1.0
[{,0
1647605412171026,0
}],0
{,0
},0
108427109235243,0
local business,4.0
home improvement,4.0
name,1.0
category_list,1.0
gory,1.0
iro,1.0
id,1.0
205033013171338,0
[{,0
}],0
{,0
},0
108427109235243,0
safety shoes,4.0
local business,4.0
category,1.0
shopping,1.0
name,1.0
category_list,1.0
/retail,1.0
n,1.0
id,1.0
200600219953504,0
[{,0
}],0
64127,0
local business,4.0
workplace footwear,4.0
category,1.0
name,1.0
category_list,1.0
id,1.0
200600219953504,0
[{,0
8369340456,0
},0
{,0
local business,4.0
category,1.0
shopping,1.0
name,1.0
category_list,1.0
/retail,1.0
ageless,1.0
restoration,1.0
id,1.0
}],0
[{,0
976191149110157,0
{,0
},0
canada ltd,4.0
local business,4.0
shopping,1.0
name,1.0
/retail,1.0
category,1.0
id,1.0
200600219953504,0
}],0
517807558367663,0
{,0
},0
safety shoes,4.0
shopping,1.0
name,1.0
category_list,1.0
/retail,1.0
id,1.0
200600219953504,0
[{,0
1055086424564467,0
}],0
{,0
},0
local business,4.0
category,1.0
shopping,1.0
name,1.0
category_list,1.0
/retail,1.0
id,1.0
200600219953504,0
1667534900125794,0
[{,0
}],0
{,0
},0
local business,4.0
commercial & indus,4.0
achitectural metals,4.0
category,1.0
name,1.0
category_list,1.0
id,1.0
[{,0
243290832429433,0
local business,4.0
safety shoe,4.0
category,1.0
name,1.0
category_list,1.0
trial,1.0
id,1.0
}],0
241930879506,0
[{,0
157787910920928,0
{,0
},0
local business,4.0
workplace footwear,4.0
footwear store,4.0
category,1.0
name,1.0
id,1.0
catego,1.0
}],0
928,0
151963428179488,0
{,0
},0
safety shoes,4.0
local busin,4.0
local business,4.0
category,1.0
ry_list,1.0
name,1.0
id,1.0
[{,0
877947962301737,0
}],0
{,0
},0
2500,0
footwear cen,4.0
ess,1.0
name,1.0
category_list,1.0
/retail,1.0
shopping,1.0
id,1.0
200600219953504,0
[{,0
}],0
126251974376851,0
{,0
},0
local business,4.0
category,1.0
shopping,1.0
name,1.0
category_list,1.0
/retail,1.0
ter,1.0
id,1.0
200600219953504,0
747104398732054,0
[{,0
}],0
{,0
},0
architectural metals,4.0
local business,4.0
category,1.0
name,1.0
category_list,1.0
construction,1.0
id,1.0
530126207179123,0
[{,0
home goods store,9.0
name,1.0
company,1.0
contractor,1.0
id,1.0
124816677590074,0
}],0
145560485465478,0
{,0
596103827225251,0
},0
investment company,4.0
local business,4.0
category,1.0
financial,1.0
name,1.0
category_list,1.0
id,1.0
[{,0
{,0
},0
226294394420792,0
local business,4.0
footwear center,4.0
category,1.0
planner,1.0
name,1.0
category_list,1.0
id,1.0
}],0
112025098861372,0
[{,0
241930,0
{,0
},0
local business,4.0
workplace footwear,4.0
footwear store,4.0
category,1.0
name,1.0
id,1.0
152856151391215,0
}],0
879506928,0
{,0
},0
workplace footwear,4.0
footwear store,4.0
category_list,1.0
id,1.0
name,1.0
241930879506928,0
[{,0
}],0
140455499324206,0
{,0
},0
local business,4.0
category,1.0
shopping,1.0
name,1.0
category_list,1.0
/retail,1.0
id,1.0
200600219953504,0
[{,0
}],0
210112842665243,0
{,0
},0
canada ltd,4.0
local business,4.0
footwear store,4.0
category,1.0
category_list,1.0
id,1.0
name,1.0
6419,0
241930879506928,0
[{,0
}],0
local business,4.0
footwear center,4.0
category,1.0
name,1.0
category_list,1.0
id,1.0
fo,1.0
36762630381,0
[{,0
241930879506928,0
{,0
},0
local business,4.0
workplace footwear,4.0
otwear store,4.0
category,1.0
name,1.0
category_list,1.0
id,1.0
}],0
153343754680277,0
[{,0
{,0
},0
local busine,4.0
footware center,4.0
footwear store,4.0
category,1.0
name,1.0
id,1.0
132221863489788,0
241930879506928,0
}],0
{,0
},0
footwear store,4.0
footwear cente,4.0
category_list,1.0
ss,1.0
id,1.0
name,1.0
}],0
241930879506928,0
[{,0
1452519771717487,0
{,0
},0
local business,4.0
footwear store,4.0
category,1.0
category_list,1.0
r,1.0
id,1.0
name,1.0
241930879506928,0
[{,0
147524125266817,0
}],0
{,0
},0
local business,4.0
workplace footwear,4.0
category,1.0
shopping,1.0
name,1.0
category_list,1.0
/retail,1.0
id,1.0
200600219953504,0
[{,0
}],0
safety shoes,4.0
local business,4.0
category,1.0
name,1.0
n,1.0
category_list,1.0
id,1.0
801464633292656,0
[{,0
241930879506928,0
{,0
},0
safety shoes,4.0
local business,4.0
footwear store,4.0
category,1.0
name,1.0
category_list,1.0
ame,1.0
id,1.0
}],0
[{,0
1193031400714993,0
{,0
},0
footwear center,4.0
local b,4.0
category,1.0
shopping,1.0
name,1.0
/retail,1.0
id,1.0
200600219953504,0
}],0
{,0
},0
936440829810132,0
footwear store,4.0
safety sho,4.0
name,1.0
usiness,1.0
category_list,1.0
id,1.0
752372498242623,0
241930879506928,0
[{,0
}],0
{,0
},0
clothing store,4.0
local business,4.0
category,1.0
name,1.0
category_list,1.0
na,1.0
id,1.0
es,1.0
[{,0
1668460506718361,0
}],0
{,0
186230924744328,0
},0
local business,4.0
footwear center,4.0
footwear store,4.0
me,1.0
category,1.0
category_list,1.0
i,1.0
id,1.0
name,1.0
241930879506928,0
[{,0
}],0
local business,4.0
workplace footwear,4.0
category,1.0
d,1.0
category_list,1.0
id,1.0
name,1.0
[{,0
241930879506928,0
{,0
},0
583399228481602,0
canada ltd,4.0
local business,4.0
footwear store,4.0
name,1.0
category_list,1.0
category,1.0
id,1.0
1646311578924849,0
}],0
[{,0
{,0
},0
workplace footwear,4.0
footwear store,4.0
category,1.0
loca,1.0
name,1.0
id,1.0
241930879506928,0
}],0
1618676708387660,0
{,0
},0
l business,4.0
footwear store,4.0
footwea,1.0
category_list,1.0
id,1.0
name,1.0
241930879506928,0
[{,0
}],0
147191515309747,0
{,0
},0
local business,4.0
r center,4.0
category,1.0
shopping,1.0
name,1.0
category_list,1.0
/retail,1.0
id,1.0
200600219953504,0
[{,0
}],0
171361440219492,0
safety shoes,4.0
local business,4.0
footwear store,4.0
category,1.0
name,1.0
category_list,1.0
id,1.0
[{,0
241930879506928,0
4,0
{,0
},0
local business,4.0
workplace footwear,4.0
category,1.0
name,1.0
category_list,1.0
id,1.0
}],0
1594072267583625,0
[{,0
2419308795,0
{,0
},0
safety shoes,4.0
local business,4.0
footwear store,4.0
category,1.0
name,1.0
category_l,1.0
id,1.0
147264788634848,0
06928,0
}],0
{,0
},0
clothing store,4.0
safety shoes,4.0
category,1.0
loc,1.0
name,1.0
ist,1.0
id,1.0
1429641510617832,0
[{,0
}],0
{,0
186230924744328,0
},0
al business,4.0
footwear store,4.0
category_list,1.0
safety,1.0
id,1.0
name,1.0
241930879506928,0
823747054402394,0
[{,0
}],0
{,0
},0
clothing store,4.0
local business,4.0
category,1.0
shoes,1.0
category_list,1.0
id,1.0
name,1.0
[{,0
1609564899332744,0
}],0
186230924744328,0
},0
local business,4.0
workplace footwear,4.0
footwear stor,4.0
category,1.0
name,1.0
category_list,1.0
id,1.0
[{,0
241930879506928,0
{,0
local business,4.0
workplace footwear,4.0
category,1.0
e,1.0
name,1.0
category_list,1.0
id,1.0
}],0
[{,0
844136465663399,0
{,0
241930879,0
},0
local business,4.0
workplace footwear,4.0
footwear store,4.0
category,1.0
name,1.0
ca,1.0
id,1.0
506928,0
}],0
1471066716531485,0
{,0
},0
footwear center,4.0
footwear store,4.0
name,1.0
tegory_list,1.0
id,1.0
cate,1.0
}],0
241930879506928,0
886681554755291,0
[{,0
{,0
},0
wholesale & supply store,9.0
local business,4.0
name,1.0
category_list,1.0
gory,1.0
n,1.0
id,1.0
187070794658134,0
[{,0
1178479572170041,0
}],0
{,0
},0
local business,4.0
workplace footwear,4.0
footwear store,4.0
category,1.0
category_list,1.0
ame,1.0
id,1.0
name,1.0
241930879506928,0
[{,0
},0
local business,4.0
workplace footwear,4.0
category,1.0
name,1.0
category_list,1.0
id,1.0
883111951744549,0
[{,0
],0
241930879506,0
{,0
},0
local business,4.0
workplace footwear,4.0
footwear store,4.0
category,1.0
name,1.0
catego,1.0
id,1.0
}],0
928,0
{,0
},0
461848794004524,0
workplace footwear,4.0
footwear store,4.0
ry_list,1.0
name,1.0
categ,1.0
id,1.0
241930879506928,0
[{,0
},0
}],0
{,0
682482675185821,0
local business,4.0
footwear store,4.0
category_list,1.0
ory,1.0
id,1.0
name,1.0
241930879506928,0
[{,0
}],0
{,0
1665334697078921,0
},0
local business,4.0
workplace footwear,4.0
footwear store,4.0
category,1.0
category_list,1.0
id,1.0
name,1.0
241930879506928,0
121,0
[{,0
}],0
local business,4.0
footwear center,4.0
category,1.0
name,1.0
category_list,1.0
id,1.0
[{,0
241930879506928,0
9810694730646,0
{,0
},0
local business,4.0
workplace footwear,4.0
footwear store,4.0
category,1.0
name,1.0
category_list,1.0
i,1.0
id,1.0
}],0
[{,0
618953874873848,0
{,0
},0
footwear center,4.0
footwear store,4.0
local busi,4.0
category,1.0
d,1.0
id,1.0
name,1.0
241930879506928,0
}],0
132196540158770,0
{,0
},0
workplace foo,4.0
footwear store,4.0
name,1.0
ness,1.0
category_list,1.0
id,1.0
134780623231790,0
241930879506928,0
[{,0
}],0
{,0
},0
local business,4.0
footwear store,4.0
category,1.0
category_list,1.0
twear,1.0
id,1.0
name,1.0
846031275482420,0
241930879506928,0
[{,0
}],0
{,0
},0
safety shoes,4.0
local business,4.0
sunglasses & eyewear,4.0
category,1.0
name,1.0
category_list,1.0
id,1.0
1708896199364202,0
[{,0
safety shoes,4.0
local business,4.0
category,1.0
name,1.0
category_list,1.0
id,1.0
store,1.0
241930879,0
}],0
[{,0
1536012216713421,0
{,0
},0
safety shoes,4.0
local business,4.0
footwear store,4.0
category,1.0
name,1.0
id,1.0
506928,0
}],0
{,0
1490265811292771,0
},0
footwear center,4.0
footwear store,4.0
category,1.0
_list,1.0
id,1.0
name,1.0
140933192917686,0
241930879506928,0
[{,0
}],0
{,0
},0
local business,4.0
footwear store,4.0
category_list,1.0
s,1.0
id,1.0
name,1.0
241930879506928,0
[{,0
1611555552433474,0
}],0
{,0
},0
local business,4.0
afety shoes,4.0
footwear store,4.0
category,1.0
category_list,1.0
id,1.0
name,1.0
241930879506928,0
[{,0
22048234168019,0
}],0
footwear sto,4.0
local business,4.0
footwear center,4.0
category,1.0
name,1.0
category_list,1.0
id,1.0
[{,0
241930879506928,0
1,0
{,0
},0
local business,4.0
footware center,4.0
category,1.0
name,1.0
category_list,1.0
re,1.0
id,1.0
}],0
912537242154087,0
[{,0
20060021995,0
{,0
},0
local business,4.0
workplace footwear,4.0
category,1.0
shopping,1.0
name,1.0
/retail,1.0
ca,1.0
id,1.0
}],0
3504,0
1761872770706183,0
{,0
},0
workplace footwear,4.0
footwear store,4.0
name,1.0
tegory_list,1.0
id,1.0
}],0
1658164307764967,0
241930879506928,0
[{,0
{,0
},0
local business,4.0
footwear store,4.0
category,1.0
category_list,1.0
i,1.0
id,1.0
name,1.0
241930879506928,0
[{,0
}],0
462257700622497,0
{,0
},0
local business,4.0
footwear center,4.0
footwear store,4.0
category,1.0
ron,1.0
category_list,1.0
id,1.0
name,1.0
16,0
[{,0
241930879506928,0
}],0
local business,4.0
workplace footwear,4.0
category,1.0
name,1.0
category_list,1.0
nam,1.0
id,1.0
28977990704733,0
[{,0
241930879506928,0
{,0
},0
local business,4.0
footware center,4.0
footwear store,4.0
category,1.0
e,1.0
name,1.0
category_list,1.0
id,1.0
}],0
444108259111652,0
[{,0
{,0
},0
safety shoes,4.0
local busine,4.0
footwear store,4.0
category,1.0
name,1.0
id,1.0
241930879506928,0
}],0
{,0
444019252444224,0
},0
mfg ltd,4.0
shopping,1.0
name,1.0
category_list,1.0
ss,1.0
/retail,1.0
cat,1.0
id,1.0
200600219953504,0
{,0
[{,0
}],0
102102520137870,0
},0
local business,4.0
automotive repair,4.0
name,1.0
category_list,1.0
o,1.0
egory,1.0
id,1.0
[{,0
}],0
204113766634710,0
149998721725634,0
{,0
},0
local business,4.0
hill fort,4.0
category,1.0
name,1.0
category_list,1.0
swestry,1.0
landmark,1.0
id,1.0
}],0
[{,0
85536,0
209889829023118,0
mfg ltd,4.0
local business,4.0
category,1.0
name,1.0
category_list,1.0
id,1.0
[{,0
}],0
3727925624,0
{,0
},0
2500,0
local business,4.0
category,1.0
art,1.0
name,1.0
category_list,1.0
shopping,1.0
id,1.0
200600219953504,0
[{,0
583313318486039,0
{,0
},0
local business,4.0
mfg ltd,4.0
category,1.0
name,1.0
category_list,1.0
/retail,1.0
id,1.0
544864309006591,0
}],0
[{,0
{,0
1084271092352,0
},0
home improvement,4.0
local business,4.0
northern aged,4.0
category,1.0
category_list,1.0
id,1.0
name,1.0
}],0
1704040479880390,0
43,0
{,0
},0
castell henllys,4.0
shopping,1.0
name,1.0
/retail,1.0
categor,1.0
id,1.0
fort,1.0
200600219953504,0
[{,0
1031179456917015,0
}],0
{,0
},0
local business,4.0
name,1.0
category_list,1.0
museum,1.0
wo,1.0
new,1.0
y,1.0
id,1.0
[{,0
}],0
1695312704081304,0
{,0
},0
197817313562497,0
local business,4.0
local service,4.0
category,1.0
name,1.0
category_list,1.0
rks,1.0
na,1.0
id,1.0
[{,0
526013127552207,0
}],0
{,0
1758418281071392,0
},0
automotive repair shop,9.0
local business,4.0
me,1.0
category,1.0
name,1.0
category_list,1.0
i,1.0
/,1.0
husky,1.0
id,1.0
1561886390779049,0
[{,0
}],0
castell henllys,4.0
local business,4.0
category,1.0
d,1.0
category_list,1.0
fort,1.0
id,1.0
name,1.0
19709722030197,0
[{,0
196723734005435,0
{,0
},0
historical place,4.0
steel shop,4.0
name,1.0
museum,1.0
id,1.0
}],0
1548473881845563,0
7,0
{,0
},0
197817313562497,0
local business,4.0
category,1.0
shopping,1.0
name,1.0
category_list,1.0
/retail,1.0
id,1.0
200600219953504,0
1569178316706087,0
[{,0
}],0
{,0
},0
castell henllys,4.0
local business,4.0
category,1.0
name,1.0
category_list,1.0
landmark,1.0
id,1.0
fort,1.0
[{,0
209889829023118,0
{,0
},0
local business,4.0
category,1.0
name,1.0
museum,1.0
category_l,1.0
new,1.0
works,1.0
id,1.0
}],0
1700252523597008,0
{,0
},0
197817313562497,0
burleson insurance agency,9.0
category,1.0
shopping,1.0
name,1.0
/retail,1.0
ist,1.0
id,1.0
200600219953504,0
[{,0
}],0
389527897912702,0
{,0
},0
insurance agent,4.0
local business,4.0
name,1.0
category_list,1.0
id,1.0
152339818172592,0
[{,0
}],0
558723740896318,0
{,0
},0
factory outlet store,9.0
local business,4.0
category,1.0
shopping,1.0
name,1.0
category_list,1.0
/retail,1.0
id,1.0
200600219953504,0
[{,0
}],0
771,0
local business,4.0
category,1.0
name,1.0
category_list,1.0
na,1.0
custom,1.0
id,1.0
furniture,1.0
200600219953504,0
[{,0
256879651870,0
{,0
},0
gadsby nichols residential & commercial agents,25.0
local busi,4.0
me,1.0
category,1.0
shopping,1.0
name,1.0
/retail,1.0
id,1.0
269520000053822,0
}],0
{,0
},0
real estate service,9.0
name,1.0
category_list,1.0
surveyor,1.0
ness,1.0
id,1.0
[{,0
164080003645425,0
6,0
{,0
192625037432720,0
},0
commercial real estate agency,16.0
1st american insurance agency,16.0
name,1.0
id,1.0
catego,1.0
}],0
23605187817651,0
},0
{,0
140540372638321,0
insurance agent,4.0
local business,4.0
c,1.0
name,1.0
category_list,1.0
ry,1.0
id,1.0
152339818172592,0
107845936032180,0
[{,0
}],0
{,0
},0
ounty 4-h agent,9.0
government organization,4.0
local business,4.0
category,1.0
name,1.0
category_list,1.0
id,1.0
[{,0
161422927240513,0
1,0
}],0
property insurance agency,9.0
local business,4.0
category,1.0
name,1.0
category_list,1.0
id,1.0
109594239116608,0
[{,0
86580088356948,0
{,0
},0
property insurance agency,8.5
insurance broker,4.5
local business,4.0
category,1.0
name,1.0
id,1.0
catego,1.0
1650083438545070,0
}],0
{,0
},0
woman agency &management,9.0
insurance broker,4.0
ry_list,1.0
c,1.0
name,1.0
id,1.0
109594239116608,0
[{,0
109069766103365,0
}],0
{,0
},0
local business,4.0
shopping,1.0
name,1.0
category_list,1.0
/retail,1.0
ategory,1.0
id,1.0
200600219953504,0
[{,0
},0
}],0
{,0
1013407768670316,0
roundway down,4.0
local business,4.0
hill fort,4.0
category,1.0
name,1.0
category_list,1.0
landmark,1.0
id,1.0
}],0
[{,0
209889829023118,0
liberty mutual insurance agent,15.0
insurance company,5.0
scott chapman,4.0
category,1.0
name,1.0
category_list,1.0
i,1.0
1054382637967906,0
[{,0
{,0
},0
insurance agent,4.0
insurance company,4.0
d,1.0
id,1.0
name,1.0
152339818172592,0
1072695389439879,0
2236,0
}],0
{,0
},0
shield protection agency,9.0
local business,4.0
defense company,4.0
category,1.0
category_list,1.0
id,1.0
name,1.0
633265613494517,0
[{,0
}],0
local business,4.0
category,1.0
name,1.0
category_list,1.0
commercial,1.0
new,1.0
id,1.0
[{,0
243290832429433,0
924558424293731,0
{,0
},0
chris hanley state farm agent,25.0
professional service,4.0
category,1.0
name,1.0
& industrial,1.0
category_li,1.0
id,1.0
1589382564722031,0
}],0
{,0
},0
financial service,4.0
category,1.0
name,1.0
st,1.0
new,1.0
works,1.0
id,1.0
[{,0
}],0
161516070564222,0
151900498283615,0
{,0
},0
local business,4.0
commercial & industrial,4.0
the,1.0
name,1.0
category_list,1.0
id,1.0
791941527577047,0
[{,0
}],0
243290832429433,0
{,0
},0
museum of the,8.0
local business,4.0
museum,2.0
category,1.0
name,1.0
category_list,1.0
id,1.0
[{,0
2656067604,0
}],0
197817313562497,0
real estate agent,8.0
real estate,5.0
bethany kelley,4.0
category,1.0
name,1.0
category_list,1.0
r,1.0
id,1.0
[{,0
60431,0
196739023685716,0
{,0
},0
eal estate agent,9.0
state farm agent,9.0
/financial service,4.0
kyle middleton,4.0
category,1.0
name,1.0
ca,1.0
bank,1.0
id,1.0
584880631606916,0
}],0
{,0
},0
insurance agent,4.0
insurance broker,4.0
name,1.0
tegory_list,1.0
id,1.0
109594239116608,0
152339818172592,0
163395,0
[{,0
}],0
{,0
},0
debra akeson -tuoto farmers insurance agency,34.0
insurance company,6.0
category,1.0
name,1.0
category_list,1.0
id,1.0
109594,0
[{,0
743702969,0
{,0
},0
insurance company,4.0
insurance broker,4.0
wood insur,4.0
name,1.0
id,1.0
781047838654917,0
239116608,0
}],0
{,0
2236,0
},0
ance agencies,4.0
local business,4.0
insurance broker,4.0
category,1.0
name,1.0
category_list,1.0
id,1.0
109594239116608,0
[{,0
}],0
1967739107,0
insurance agency,4.0
local business,4.0
category,1.0
in,1.0
name,1.0
category_list,1.0
branding,1.0
id,1.0
109594239116608,0
[{,0
06017,0
{,0
},0
kimberly miles insurance agency,16.0
professional service,4.0
surance broker,4.0
category,1.0
name,1.0
category_,1.0
id,1.0
}],0
191468077864982,0
{,0
},0
state farm agent,8.5
insurance agent,4.5
dan normoyle,4.0
name,1.0
list,1.0
cat,1.0
id,1.0
152339818172592,0
[{,0
1424113487861990,0
}],0
{,0
},0
professional service,4.0
insurance agent,4.0
name,1.0
category_list,1.0
egory,1.0
id,1.0
152339818172592,0
[{,0
},0
}],0
{,0
115974268499114,0
thomas reidy,4.0
local business,4.0
category,1.0
shopping,1.0
category_list,1.0
auto,1.0
/retail,1.0
id,1.0
name,1.0
200600219953504,0
[{,0
}],0
licensed agent with capstone financial group,36.0
business service,4.0
tj barrett,4.0
category,1.0
categ,1.0
name,1.0
id,1.0
{,0
},0
1460719430914426,0
estate planning service,9.0
insurance agent,4.0
ory_list,1.0
id,1.0
name,1.0
152339818172592,0
[{,0
18,0
882693411856686,0
{,0
},0
wan yang agency,9.0
business service,4.0
insurance company,4.0
category,1.0
name,1.0
cat,1.0
id,1.0
483803305138674,0
}],0
7133811318958,0
{,0
},0
insurance agent,4.0
insurance broker,4.0
name,1.0
egory_list,1.0
id,1.0
109594239116608,0
152339818172592,0
[{,0
2262943,0
{,0
},0
terron harris-state farm agent,16.0
financial planner,4.0
name,1.0
professional,1.0
category,1.0
id,1.0
802119809900973,0
}],0
94420792,0
{,0
},0
insurance agent,4.0
dominique kehayia,4.0
name,1.0
category_list,1.0
service,1.0
id,1.0
152339818172592,0
[{,0
}],0
181627501953404,0
{,0
},0
liberty mutual insurance agent,16.0
/financial service,4.0
category,1.0
name,1.0
category_list,1.0
insuran,1.0
s,1.0
id,1.0
bank,1.0
152339818172592,0
[{,0
peter dicorti insurance agency,15.0
insurance broker,5.0
ce agent,4.0
name,1.0
id,1.0
109594239116608,0
1450886118514578,0
}],0
{,0
},0
professional service,4.0
insurance agent,4.0
category,1.0
name,1.0
category_list,1.0
id,1.0
152339818172592,0
[{,0
}],0
1044368208919816,0
},0
co home health agency,16.0
medical center,4.0
local business,4.0
category,1.0
name,1.0
category_list,1.0
id,1.0
[{,0
228143393877753,0
{,0
county home health agency,16.0
local business,4.0
category,1.0
name,1.0
category_list,1.0
id,1.0
113456155661931,0
1451189,0
}],0
[{,0
{,0
},0
county home health agency,15.0
medical & health,5.0
local busines,4.0
category,1.0
name,1.0
id,1.0
}],0
35550090,0
137268036708533,0
{,0
},0
steve garringer insuran,9.0
medical & health,4.0
name,1.0
category_list,1.0
s,1.0
id,1.0
}],0
[{,0
800202616766885,0
145118935550090,0
{,0
},0
state farm agency,9.0
ce agency inc,9.0
local business,4.0
insurance broke,4.0
category,1.0
name,1.0
category_list,1.0
id,1.0
109594239116608,0
[{,0
david williams agency,9.0
business consultant,4.0
name,1.0
r,1.0
representing,1.0
id,1.0
179672275401610,0
167216403317403,0
}],0
{,0
},0
insurance agent,4.0
local business,4.0
american national,4.0
category,1.0
name,1.0
category_list,1.0
id,1.0
152339818172592,0
[{,0
}],0
1530312,0
rafter insurance agency folsom,16.0
local business,4.0
category,1.0
name,1.0
category_list,1.0
id,1.0
109594239116608,0
[{,0
130546864,0
{,0
},0
agent-officer grace her,9.0
insurance agent,4.0
insurance broker,4.0
name,1.0
id,1.0
152339818172592,0
}],0
162486343896527,0
{,0
},0
government organization,4.0
category,1.0
bert,1.0
name,1.0
category_list,1.0
id,1.0
[{,0
665,0
161422927240513,0
}],0
real estate agent bre 01402610,14.0
real estate,6.0
nate santana,4.0
category,1.0
name,1.0
category_list,1.0
id,1.0
484230276290,0
[{,0
13619180,0
{,0
},0
real estate agent,9.0
mortgage brokers,4.0
name,1.0
conwa,1.0
id,1.0
196739023685716,0
9788079,0
}],0
1121168934575450,0
{,0
},0
y hill insurance agency,15.0
insurance agent,5.0
professional service,4.0
category,1.0
name,1.0
category_list,1.0
id,1.0
152339818172592,0
[{,0
}],0
gamble insurance agency,8.5
insurance company,4.5
category,1.0
name,1.0
category_list,1.0
id,1.0
109594239116608,0
[{,0
931179983619761,0
{,0
},0
brett and tammi bradley,16.0
insurance company,4.0
insurance broker,4.0
name,1.0
id,1.0
2236,0
}],0
425213737632489,0
{,0
},0
real estate agents,8.333333333333332
real estate agent,8.333333333333332
real estate,5.333333333333333
category,1.0
name,1.0
category_list,1.0
id,1.0
[{,0
1926250,0
196739023685716,0
{,0
},0
real estate service,9.0
trikuta ag,4.0
name,1.0
residence,1.0
id,1.0
192049437499122,0
}],0
536970836440964,0
{,0
},0
37432720,0
local business,4.0
category,1.0
kis,1.0
name,1.0
category_list,1.0
encies,1.0
id,1.0
928575960531370,0
[{,0
}],0
{,0
},0
2500,0
liberty mutual insurance agent,16.0
harn green,4.0
/financial service,4.0
category,1.0
name,1.0
category_list,1.0
id,1.0
bank,1.0
109594239116608,0
[{,0
city insurance ag,8.333333333333334
insurance agent,4.333333333333334
insurance broker,4.333333333333334
name,1.0
id,1.0
152339818172592,0
}],0
1014523341892930,0
{,0
},0
100 + carriers available,9.0
local business,4.0
insurance broker,4.0
category,1.0
name,1.0
category_list,1.0
id,1.0
ency,1.0
109594239116608,0
[{,0
}],0
carnelian agency,4.0
business service,4.0
category,1.0
name,1.0
id,1.0
category_list,1.0
nam,1.0
[{,0
197888373555475,0
{,0
},0
1676593375959795,0
rachel lawrence insurance,9.0
printing service,4.0
e,1.0
name,1.0
musician,1.0
id,1.0
/band,1.0
98452304514,0
}],0
180164648685982,0
{,0
},0
professional service,4.0
local business,4.0
category,1.0
name,1.0
category_list,1.0
agency,1.0
id,1.0
158302227908449,0
[{,0
}],0
{,0
},0
2500,0
range agency,4.0
local business,4.0
insurance br,4.0
category,1.0
thomas,1.0
name,1.0
category_list,1.0
edmark,1.0
id,1.0
109594239116608,0
[{,0
american eagle insurance agency,15.0
insurance company,5.0
category,1.0
name,1.0
category_list,1.0
oker,1.0
id,1.0
inc,1.0
}],0
875831442534074,0
[{,0
{,0
},0
insurance company,4.0
insurance broker,4.0
name,1.0
id,1.0
che,1.0
109594239116608,0
282400055147725,0
2236,0
}],0
{,0
},0
sterfield insurers fire & rescue agency,25.0
professional service,4.0
category,1.0
category_list,1.0
insu,1.0
id,1.0
name,1.0
109594239116608,0
[{,0
community services agency,9.0
local business,4.0
rance broker,4.0
category,1.0
name,1.0
dickinson,1.0
id,1.0
}],0
235542466483123,0
{,0
},0
hutchinson insurance agency in,16.0
name,1.0
_list,1.0
organization,1.0
id,1.0
catego,1.0
[{,0
205829446421178,0
198503866828628,0
}],0
{,0
},0
insurance broker,4.0
local business,3.5
local,1.5
name,1.0
category_list,1.0
ry,1.0
id,1.0
109594239116608,0
[{,0
{,0
1758418281071392,0
},0
butler insurance agency,9.0
local business,4.0
category,1.0
name,1.0
service,1.0
category_list,1.0
id,1.0
}],0
[{,0
160747320616647,0
1095942,0
{,0
},0
old dominion registered agents llc,25.0
insurance broker,4.0
category,1.0
business,1.0
id,1.0
name,1.0
123139081076988,0
}],0
39116608,0
{,0
},0
courthouse attorn,4.0
business service,3.5
service,1.5
name,1.0
category_list,1.0
id,1.0
100384363715269,0
187133811318958,0
[{,0
}],0
{,0
},0
eys title agency inc,16.0
local business,4.0
insurance broker,4.0
category,1.0
name,1.0
category_list,1.0
id,1.0
109594239116608,0
[{,0
}],0
147,0
arun agencies alleppey,9.0
medical & health,4.0
category,1.0
name,1.0
category_list,1.0
m,1.0
id,1.0
102098667310,0
[{,0
145118935550090,0
{,0
},0
mequell green ins agency,16.0
nationwide insurance,4.0
local business,4.0
edical & health,4.0
category,1.0
name,1.0
id,1.0
460093670845323,0
}],0
{,0
},0
heinz art insurance agen,15.0
insurance broker,5.0
name,1.0
category_list,1.0
id,1.0
109594239116608,0
[{,0
}],0
{,0
1845519635674550,0
},0
local business,4.0
insurance broker,4.0
category,1.0
name,1.0
category_list,1.0
n,1.0
cy,1.0
id,1.0
109594239116608,0
157917624239624,0
[{,0
}],0
{,0
},0
mcdonald j f insurance agency,23.5
insurance brok,5.5
local business,4.0
category,1.0
name,1.0
category_list,1.0
ame,1.0
id,1.0
109594239116608,0
[{,0
dover news agency,9.0
local business,4.0
category,1.0
loca,1.0
name,1.0
category_list,1.0
id,1.0
er,1.0
}],0
[{,0
104243862976746,0
{,0
2500,0
},0
leavitt group insurance agency,16.0
local business,4.0
l business,4.0
category,1.0
name,1.0
category_list,1.0
id,1.0
144194905611107,0
}],0
[{,0
{,0
},0
yoder sales agency,9.0
local business,4.0
insurance broker,4.0
category,1.0
name,1.0
id,1.0
109594239116608,0
}],0
185045771845167,0
{,0
},0
local service,4.0
name,1.0
category_list,1.0
organization,1.0
id,1.0
1485597,0
[{,0
198503866828628,0
}],0
{,0
1758418281071392,0
},0
joe seed- state farm agent,25.0
professional service,4.0
category,1.0
category_list,1.0
name,1.0
id,1.0
35187376,0
109594239116608,0
[{,0
{,0
},0
heinz insurance agency,8.5
insurance broker,4.5
local business,4.0
category,1.0
name,1.0
category_list,1.0
i,1.0
id,1.0
}],0
150527521781500,0
[{,0
{,0
},0
highland title agency,9.0
local busin,4.0
insurance broker,4.0
category,1.0
d,1.0
id,1.0
name,1.0
109594239116608,0
162071233820172,0
}],0
{,0
},0
defense contract audit,9.0
real estate,4.0
ess,1.0
name,1.0
category_list,1.0
id,1.0
198327773511962,0
161555393865944,0
[{,0
}],0
{,0
},0
local business,4.0
armed forces,4.0
category,1.0
ncy,1.0
name,1.0
category_list,1.0
id,1.0
[{,0
110063586003330,0
}],0
188166377871384,0
{,0
},0
security guard service,9.0
whatcom security agency,9.0
local business,4.0
category,1.0
name,1.0
category_list,1.0
id,1.0
[{,0
510649512458317,0
j-k agency,4.0
private investigator,4.0
local busines,4.0
category,1.0
name,1.0
id,1.0
}],0
192985434070895,0
168141173201987,0
{,0
},0
hillabrant agency inc,9.0
insurance broker,4.0
name,1.0
category_list,1.0
s,1.0
id,1.0
109594239116608,0
[{,0
}],0
{,0
},0
133589106691838,0
local business,4.0
financial service,4.0
category,1.0
name,1.0
category_list,1.0
id,1.0
200600219953504,0
[{,0
161516070564222,0
{,0
},0
erickson insurance agency inc,16.0
local business,4.0
category,1.0
shopping,1.0
name,1.0
category_list,1.0
/retail,1.0
id,1.0
}],0
121482051522859,0
{,0
},0
first financial insurance agency llc,23.5
insurance broker,5.5
name,1.0
ca,1.0
id,1.0
167911616553886,0
109594239116608,0
[{,0
}],0
{,0
},0
local business,4.0
insurance broker,4.0
tegory,1.0
category_list,1.0
w,1.0
id,1.0
name,1.0
109594239116608,0
141760829203485,0
[{,0
}],0
{,0
},0
estern up substance abuse svcs coordiante agency,49.0
local business,4.0
category,1.0
name,1.0
category_list,1.0
h,1.0
id,1.0
[{,0
133152263416981,0
after,1.0
ndy3,1.0
id,1.0
mazdzd,1.0
paging,1.0
cursors,1.0
/clinic,1.0
ospital,1.0
before,1.0
}}},0
159362330750657,0
}],0
{,0
