Title,Link
The Beginning Of The End For The Roman Empire - Britain's Secret Homes,https://www.youtube.com//watch?v=CzsV18CZ980
The Roman Invasion of Britain,https://www.youtube.com//watch?v=zBOP9Xwveec
The Roman Empire's Invasion Was Similar to D-Day,https://www.youtube.com//watch?v=6MbZ3FpgkPo
Holy Roman Empire Newspaper Headline,https://www.youtube.com//watch?v=UEvJ8lNPsds
BBC Schools: Zig Zag: Roman Britain - Invasion,https://www.youtube.com//watch?v=Nm5k98geGAk
Roman Britain Video 1,https://www.youtube.com//watch?v=xPp3AIxD5pg
Roman Soldiers in Ireland? - The Bearded Historian,https://www.youtube.com//watch?v=w5yZtP1sBiE
Roman Britain - Edgar Cayce's Reincarnational History of Britain,https://www.youtube.com//watch?v=xcnCry3C3jg
Britain's Forgotten Pirate Emperor - Coins of the Romans: Carausius,https://www.youtube.com//watch?v=-g96VdDmcaI
influence of roman occupation of britain essay,https://www.youtube.com//watch?v=cdnvQjLC2kA
Migration and ethnicity in late roman Britain - 30 marzo 2016,https://www.youtube.com//watch?v=fJyewhttILk
Fields of Mars #3 | Remember the Gods | TW Attila Roman Britain NLP,https://www.youtube.com//watch?v=SoIinxVYCHQ
Fields of Mars #5 | Massacre At Tuesis | TW Attila Roman Britain NLP,https://www.youtube.com//watch?v=R1PbkVIoVbk
Contrarii Moribus: The Invasion of Roman Britain,https://www.youtube.com//watch?v=9mpxF0pUvLE
History Re-Written: Ralph Ellis & Michael Tsarion on Truth Warrior,https://www.youtube.com//watch?v=haZ6Go5s_LE
The Roman occupation of Britain 43 - 410 and its legacy,https://www.youtube.com//watch?v=BlOYmOhDENo
Total War: ATTILA Roman Britain Ep. 1,https://www.youtube.com//watch?v=9nlJcI9zL74
PENDRAGON: The Fall of Roman Britain,https://www.youtube.com//watch?v=W-yIpPVQl2Y
THE SCOURGE OF IRELAND! Total War: Attila - Age of Charlemagne - Holy Roman Empire Campaign #56,https://www.youtube.com//watch?v=P_ZzS_r6nVU
Fields of Mars #7 | Winter Revenge | TW Attila Roman Britain NLP,https://www.youtube.com//watch?v=pUeH5EvTv44
"""Boudicca, The Warrior Queen"" - Decisive Battles of the Ancient World (10of13)",https://www.youtube.com//watch?v=yuPCTqC1vuU
"Nero, the Roman Emperor (part 1)",https://www.youtube.com//watch?v=z446rURhkiA
Fields of Mars #2 | Beyond The Wall | TW Attila Roman Britain NLP,https://www.youtube.com//watch?v=BT3JmQIJnTE
Dr. Robin Fleming on the Material Investigation of Post-Roman Britain,https://www.youtube.com//watch?v=60maeLKgySY
End of the Roman Empire (Speed Version),https://www.youtube.com//watch?v=TXByBVbNyeE
Total War: Attila - Roman Britain Ep 1,https://www.youtube.com//watch?v=Slff5ZuRxbU
SkyWatchTV News 7/5/16: Bill Salus - Brexit and Bible Prophecy,https://www.youtube.com//watch?v=_cQSvk3BS-c
The Holy Roman Empire Is Here Now,https://www.youtube.com//watch?v=fCyPM1SFQO0
Total War: Attila - Roman Britain Ep 4,https://www.youtube.com//watch?v=QvVpczFQSOM
The Roman Invasion - Lego Animation,https://www.youtube.com//watch?v=Hm7ivkH8s5w
Fields of Mars #4 | Tullus The Shield | TW Attila Roman Britain NLP,https://www.youtube.com//watch?v=efYOnQlMid4
Fields of Mars #8 | The End of a Dream | TW Attila Roman Britain NLP,https://www.youtube.com//watch?v=sPhh-6UWwvY
Fields of Mars #6 | No Such Thing As Peace | TW Attila Roman Britain NLP,https://www.youtube.com//watch?v=TxA4e3Lxz94
Total War: Attila - Roman Britain Ep 3,https://www.youtube.com//watch?v=xSVLf6eHLME
End of Roman rule in Britain,https://www.youtube.com//watch?v=u-sAxOBuCZo
The Real Life Game of Thrones Part 1: Is Great Britain Westeros?,https://www.youtube.com//watch?v=Pj9fn4L4Njk
2◀Ryse: Son of Rome: Invasion of Britannia,https://www.youtube.com//watch?v=26s1WMGhhmU
THE ROMAN EMPIRE THE ICENI REBELLION,https://www.youtube.com//watch?v=PK7XoKRCBM4
Roman Britain,https://www.youtube.com//watch?v=5qtotZ3OsMo
Roman invasion 3,https://www.youtube.com//watch?v=8ieye09ckV0
Roman invasion,https://www.youtube.com//watch?v=XnZFVsZP2IQ
Roman Britain,https://www.youtube.com//watch?v=_5JDtdjPpkc
Roman invasion 4,https://www.youtube.com//watch?v=wbp6L_MugE8
BBC Schools: Zig Zag: Roman Britain - Fighters and Builders,https://www.youtube.com//watch?v=uNam8s2Pt28
31   Ch 16 The Conquest of Britain  43 61 A D   Sect  II  & III   Students ' Roman Empire pt 1   Joh,https://www.youtube.com//watch?v=G-xrNTy7Aws
Loss of Albion (British) Indigenous Sovereignty,https://www.youtube.com//watch?v=g53zR92rYls
The Wall Through The Painted House - Britain's Secret Homes,https://www.youtube.com//watch?v=7p-baOO0IPE
THE ROMAN EMPIRE THE ICENI REBELLION,https://www.youtube.com//watch?v=JmDGp8do5WE
Sven Longshanks: The Hidden History of Christian Britain 8/01/16,https://www.youtube.com//watch?v=o4PgroWGQQg
"Dressing Fairytales: The Costumes of ""Cymbeline""",https://www.youtube.com//watch?v=KiBSIcMuMe4
Mad Munchkin Snackage Episode 15 Asterix in Britain,https://www.youtube.com//watch?v=y_Mm346Ra8Q
HOW THE ROMANS RULED THE WORLD - MARCHING CAMPS - HISTOROFILES MINI 003,https://www.youtube.com//watch?v=7rRnuN6jCYs
The Roman Empire - Episode 7: Letters From The Roman Front (History Documentary),https://www.youtube.com//watch?v=rm9U0gbx_jA
Discover the History of English,https://www.youtube.com//watch?v=aEH2GkuRIHs
Roman invasion 6,https://www.youtube.com//watch?v=jrwurWlvWxk
Exotic Celtic Medieval Music Magic Enchanted Forests Warriors Britain Druids Prophecy Middle Ages HQ,https://www.youtube.com//watch?v=KFGZprxDwSY
What if the Roman Empire Reunited Today?,https://www.youtube.com//watch?v=pbvrncwxzxU
30   Ch 16 The Conquest of Britain  43 61 A D   Sect  I   Students ' Roman Empire pt 1   John Bagnel,https://www.youtube.com//watch?v=JcK4MeexzgQ
Roman invasion 5,https://www.youtube.com//watch?v=lW4kAWOnMpY
Rome The Rise and Fall of an Empire 10of14  Constantine the Great,https://www.youtube.com//watch?v=ukFjpu63dPY
Roman client kingdoms in Britain,https://www.youtube.com//watch?v=nbbTD2Q1bsY
VFTB 322: Bill Salus - Brexit and Bible Prophecy,https://www.youtube.com//watch?v=NFA1qduvTCI
Roman invasion 2,https://www.youtube.com//watch?v=oWYMXiY_tV8
How did Rome conquer Greece ?,https://www.youtube.com//watch?v=tiaVCTNa-7Q
End of Roman rule in Britain,https://www.youtube.com//watch?v=Ur9NlWNaJCk
Sub-Roman Britain,https://www.youtube.com//watch?v=IGb8IuZqAhM
"ROMAN EMPIRE 1/30 scale,play set no 1... strategosathena on line shop we present..",https://www.youtube.com//watch?v=o92uRAVa9qE
도미네이션즈 브리튼vs로마제국 투석기시대 창세기전 - Sea bream Nations in Britain catapults vs the Roman Empire era,https://www.youtube.com//watch?v=SXyAOd7Q4q8
The Revolt of Boudica 60/61 AD,https://www.youtube.com//watch?v=qUSqUq7e5QI
Blood in the Arena: The Spectacle of Roman Power Audiobook,https://www.youtube.com//watch?v=NSeCpcXXuN0
ROMAN ROADS SECRET PATHS TO EMPIRE  Full Documentary 2016,https://www.youtube.com//watch?v=Jl6fgFecqS0
KPA 3rd Grade Oral Timeline (Section One),https://www.youtube.com//watch?v=wv0spj8wLrA
"Barbarians Rising: Boudica, Warrior Queen | History",https://www.youtube.com//watch?v=9G01vm9MVa4
Ancient Rome (7of8): Letters from the Roman Front,https://www.youtube.com//watch?v=ihIqjQCJlc0
"Roman Invasion The Slaves, Episode,1,Season 5",https://www.youtube.com//watch?v=tFTrOCAo_Bk
"Roman Invasion The Slaves, Episode,1,Season 3",https://www.youtube.com//watch?v=WNA7DqGcV7Y
Romano-British culture,https://www.youtube.com//watch?v=IYxzadJBrLA
"Roman Invasion The Slaves, Episode,1,Season 4",https://www.youtube.com//watch?v=dNJhhhgnbWM
Great North Museum - Roman monument scans,https://www.youtube.com//watch?v=J5DjzWCzgr0
"The Decline and Fall of the Roman Empire, Volume Iii",https://www.youtube.com//watch?v=h62gfhYjgxA
roman invasion,https://www.youtube.com//watch?v=1apRx2_MmSo
"Roman Invasion The Slaves, Episode,1,Season 6",https://www.youtube.com//watch?v=uDAyWcJmFBI
Catholic Ottomans 6: Africa & Great Britain,https://www.youtube.com//watch?v=jww9x3j6DIs
"Roman Invasion The Slaves, Episode,1,Season 12",https://www.youtube.com//watch?v=8Mq7HCLy4sg
Hoxne Hoard,https://www.youtube.com//watch?v=UXrkRcuX8sQ
Treaty Of Westphalia By Lindsay Sweet,https://www.youtube.com//watch?v=IsE4Q7EDqZE
Huge Fort From Roman Empire Discovered In Lancaster,https://www.youtube.com//watch?v=GYMay6rHmLU
Who Is Julius Caesar?,https://www.youtube.com//watch?v=A4NUc0MNJRY
Joriz Montes- Send My Love #scOUTevOUTe #brexit,https://www.youtube.com//watch?v=yr7doh68WSc
"Roman Invasion The Slaves, Episode,1,Season 10",https://www.youtube.com//watch?v=hDHnTPbJGgc
"Roman Invasion The Slaves, Episode,1,Season 9",https://www.youtube.com//watch?v=U8vQto2OF2w
"What is BRITISH LATIN? What does BRITISH LATIN mean? BRITISH LATIN meaning, definition & explanation",https://www.youtube.com//watch?v=3DBZqhTdwSI
"Roman Invasion The Slaves, Episode,1,Season 13",https://www.youtube.com//watch?v=LBy5JBZSEAQ
"Roman Invasion The Slaves, Episode,1,Season 11",https://www.youtube.com//watch?v=xAYp6GxrJPs
NEWS! Roman Entertainment youtube,https://www.youtube.com//watch?v=iDzRdRGHaL8
"Roman Invasion The Slaves, Episode,1,Season 8",https://www.youtube.com//watch?v=7WqpPiQY6og
Roman conquest of Anglesey,https://www.youtube.com//watch?v=zR374LgwGDg
Barbarians Rising: Boudica: Queen of the Celts | History,https://www.youtube.com//watch?v=F81D-vtsiqQ
Napoleon The Great (Part 1/4) Evolution to Empire,https://www.youtube.com//watch?v=IAZUGMNx2-U
How the World Map Looks Wildly Different Than You Think,https://www.youtube.com//watch?v=lPNrtjboISg
The Third Episode: The Roman Invasion,https://www.youtube.com//watch?v=HE3KQKyrGWg
Introduction,https://www.youtube.com//watch?v=h2WERRpVOxQ
Audiobook: Cymbeline by William Shakespeare | Full Version | Audio Books Classic 2,https://www.youtube.com//watch?v=5SmwVJcteG8
Melania Trump - direct mtDNA descendant of Holy Roman Empress Barbara of Cilli (1392–11 July 1451),https://www.youtube.com//watch?v=lch08JFdAH4
Britannia,https://www.youtube.com//watch?v=LKpI-d4iG8E
The Vindolanda - Roman Fort - Hadrians Wall - Drone,https://www.youtube.com//watch?v=BqPpLjwC2-c
"Still Report #723 - Brit Defense Chief Says ""Brexit""",https://www.youtube.com//watch?v=S6iHGPIcowg
John Morris (historian),https://www.youtube.com//watch?v=CLfdhI3f23Q
History of Scotland: The Forgotten History - Documentary History Channel,https://www.youtube.com//watch?v=RQ-IyLJEa5g
David Pawson -- Suffering (a),https://www.youtube.com//watch?v=3CcAJ2mdzkk
Top 10 Infamous Barrier Walls Throughout History — TopTenzNet,https://www.youtube.com//watch?v=zU7T3nLEw-0
10 Things You Didn't Know About China,https://www.youtube.com//watch?v=aPQSwfeC-80
George I of Great Britain,https://www.youtube.com//watch?v=8zySuL6X7H4
Napoleon History Channel Full Documentary,https://www.youtube.com//watch?v=-OgrkAvKf70
Audiobook: Germania by Publius Cornelius Tacitus | Audio Books Classic 2,https://www.youtube.com//watch?v=MtjZRrmq5Ns
THE LAST LEGION - HD [Sub español],https://www.youtube.com//watch?v=dUyHOkMCqSE
The History of the Romans: Every Year,https://www.youtube.com//watch?v=w5zYpWcz1-E
The ROMAN EMPIRE ✔ The Greatest Army of all Times | The WAR Machine,https://www.youtube.com//watch?v=tu8UfDlMBro
GREAT BRITAIN BLITZ CAMPAIGN - Empire Total War #1,https://www.youtube.com//watch?v=8obmQLdHwbU
Discoveries from the Roman Empire,https://www.youtube.com//watch?v=tR7GzB47OM8
THIS IS TOTAL WAR ATTILA - EASTERN ROMAN EMPIRE #1,https://www.youtube.com//watch?v=u75gCmmsiW0
Life After the Roman Empire,https://www.youtube.com//watch?v=B2H49pDEXCY
Mary Beard's Ultimate Rome: Empire Without Limit -Episode 2 BBC Documentary 2016,https://www.youtube.com//watch?v=QkugXWGmefw
MASSIVE HOLY ROMAN EMPIRE v AUSTRIA SURVIVAL! Medieval Kingdoms 1212AD Mod Gameplay,https://www.youtube.com//watch?v=-6ETIzy0Zx0
Incredible lecture on the fall of the Roman Empire,https://www.youtube.com//watch?v=s67-9uHAAwU
History of the Roman Empire: Trade and Economy in the Roman Empire.,https://www.youtube.com//watch?v=fi39laIeBiU
Evolution of the Roman Legions: Part 1 - Kingdom  (8-7th Century BC),https://www.youtube.com//watch?v=zrCqpJ05E3k
Aragon into Roman Empire - Eu4 Timelapse,https://www.youtube.com//watch?v=jv7K-oaQQhw
BBC - Mary Beard's Ultimate Rome: Empire Without Limit - Episode 1,https://www.youtube.com//watch?v=GYjnRAFFy4g
The Fall of the Roman Empire (1964) --- Senate scene,https://www.youtube.com//watch?v=ecMfU3910WY
History of the Roman Empire:Ancient Roman Infrastructure (Aqueducts and water management in Rome ),https://www.youtube.com//watch?v=AeKpRqjFSHM
The Parallels between Rome and the United States,https://www.youtube.com//watch?v=dCvyg679bsg
Taking the bus to Roman Britain,https://www.youtube.com//watch?v=JP53fc7ihSY
GREAT BRITAIN BLITZ CAMPAIGN - Empire Total War #2,https://www.youtube.com//watch?v=P7eE-8s1ViM
EU4 Timelapse - Rise of the Roman Empire (1444 - 1834),https://www.youtube.com//watch?v=m8NU6NqKB8U
THIS IS TOTAL WAR ATTILA - EASTERN ROMAN EMPIRE #57,https://www.youtube.com//watch?v=wfn7B3wlpek
Roman Invasion of Britain,https://www.youtube.com//watch?v=XsaXcDf35vE
THIS IS TOTAL WAR ATTILA - EASTERN ROMAN EMPIRE #51,https://www.youtube.com//watch?v=lh1MNaQAWKc
Ancient Indigenous History Great Black Biblical Rulers & the Holy Roman Empire,https://www.youtube.com//watch?v=FtmBHbZP4wQ
"TW Webcast:  Boris Johnson, the EU, and the Rising Roman Empire",https://www.youtube.com//watch?v=m1I4GUpcejI
"STELLARIS - Let's Play - Roman Empire - Ep.8 - ""Empire Strikes Back!""",https://www.youtube.com//watch?v=DmLyHFJIZak
Lost Roads of Ancient Rome Discovered with 3D Laser Scanners,https://www.youtube.com//watch?v=SBLNg3yGLFs
Total War Attila : Legendary West Rome : Part 1,https://www.youtube.com//watch?v=PfZYE-nk3Ow
Roman Empire Rules Today-Proof,https://www.youtube.com//watch?v=YfssIhyR8kQ
THIS IS TOTAL WAR ATTILA - EASTERN ROMAN EMPIRE #36,https://www.youtube.com//watch?v=suwZf5jYl_k
"STELLARIS - Let's Play - Roman Empire - Ep.5 - ""The Fox People!""",https://www.youtube.com//watch?v=Vb95EOWp9Jk
GREAT BRITAIN BLITZ CAMPAIGN - Empire Total War #40 FINAL,https://www.youtube.com//watch?v=lN_2gT788xY
The Roman Empire : The Reign Of Marcus Aurelius - History Movies,https://www.youtube.com//watch?v=ILAzk3b2Heg
THIS IS TOTAL WAR ATTILA - EASTERN ROMAN EMPIRE #55,https://www.youtube.com//watch?v=0Cx7VStBz7s
THE EMPEROR ASCENDS! Total War: Attila - Age of Charlemagne - Holy Roman Empire Campaign #63,https://www.youtube.com//watch?v=r5qaGbmeK2E
THIS IS TOTAL WAR ATTILA - EASTERN ROMAN EMPIRE #60,https://www.youtube.com//watch?v=GolkMZU8y8A
BBC Radio History for Schools 1984 - Roman Britain. Programme 2: The Invasion and the Army,https://www.youtube.com//watch?v=6Qm2yQjNe6I
EU4 Great Britain- Episode 33: The Empire Expands,https://www.youtube.com//watch?v=2EJIKjzq_QU
Roman Conquest of Britain 43 - 93 A.D (Every Year),https://www.youtube.com//watch?v=M4t4VUzZI6k
HADRIAN'S WALL | ENGLAND TRAVEL VLOG #1,https://www.youtube.com//watch?v=91mJobgB5KU
THIS IS TOTAL WAR ATTILA - EASTERN ROMAN EMPIRE #48,https://www.youtube.com//watch?v=7xo1mCnvpew
Units of Classical Antiquity: The Praetorian Guard (Roman Army),https://www.youtube.com//watch?v=VYSQsDyKC-c
THIS IS TOTAL WAR ATTILA - EASTERN ROMAN EMPIRE #56,https://www.youtube.com//watch?v=aSPZMZ3YdkE
The Birth of the Roman Empire - Decisive Battles of the Ancient World (9of13),https://www.youtube.com//watch?v=ImgYfQi13YQ
THIS IS TOTAL WAR ATTILA - EASTERN ROMAN EMPIRE #58,https://www.youtube.com//watch?v=ETkGDvhUvjs
40 Reasons Why  European Union is Revived Roman Empire of Bible Prophecy,https://www.youtube.com//watch?v=xWf0Al7TCcU
THIS IS TOTAL WAR ATTILA - EASTERN ROMAN EMPIRE #54,https://www.youtube.com//watch?v=6jgSMxFhLJo
Eternal Empire Introduction | Total War: Attila | Eastern Roman Empire Hard + Mods,https://www.youtube.com//watch?v=KZ8DyADwJqU
THE HOLY ROMAN EMPIRE! Total War: Attila - Age of Charlemagne - Kingdom of The Franks Campaign #36,https://www.youtube.com//watch?v=-9M_AVCTn3c
PEACE IN SPAIN! Total War: Attila - Age of Charlemagne - Holy Roman Empire Campaign #54,https://www.youtube.com//watch?v=hIBVTJoaXzk
GREAT BRITAIN BLITZ CAMPAIGN - Empire Total War #24,https://www.youtube.com//watch?v=PTcU11O0tTM
"""The Holy Roman Empire"" with Peter H. Wilson",https://www.youtube.com//watch?v=m3c8WHFPhrE
Savoy/Sardinia-Piedmont/Italy/Roman Empire Campaign | EUIV Timeline Showcase,https://www.youtube.com//watch?v=h4icTB9EhlI
THIS IS TOTAL WAR ATTILA - EASTERN ROMAN EMPIRE #50,https://www.youtube.com//watch?v=QVBVNmzaXGk
BBC Radio History for Schools 1984 - Roman Britain. Programme 5: The Twilight Years,https://www.youtube.com//watch?v=3wOt_erpEac
THIS IS TOTAL WAR ATTILA - EASTERN ROMAN EMPIRE #19,https://www.youtube.com//watch?v=7QiLv7How9c
The Holy Roman Empire in Prophecy - The Trumpet Daily,https://www.youtube.com//watch?v=7zGddWCymss
[Imperial Roman Army] Organization & Structure,https://www.youtube.com//watch?v=davyHtCSa_E
GREAT BRITAIN BLITZ CAMPAIGN - Empire Total War #26,https://www.youtube.com//watch?v=p5cfKFl5io0
GREAT BRITAIN BLITZ CAMPAIGN - Empire Total War #27,https://www.youtube.com//watch?v=XvzOqUvUH88
The Story of Roman Empire,https://www.youtube.com//watch?v=f2MrWZKumWI
UNITED IRELAND! Total War: Attila - Age of Charlemagne - Holy Roman Empire Campaign #57,https://www.youtube.com//watch?v=WYmpJn8szEY
CHARGE POWER! Total War: Attila - Age of Charlemagne - Holy Roman Empire Campaign #44,https://www.youtube.com//watch?v=ag2GQ6nbirM
EU4 Campaign - England to British Empire,https://www.youtube.com//watch?v=GdgOZPt5aO4
THIS IS TOTAL WAR ATTILA - EASTERN ROMAN EMPIRE #47,https://www.youtube.com//watch?v=2iK57RpvAF0
THIS IS TOTAL WAR ATTILA - EASTERN ROMAN EMPIRE #52,https://www.youtube.com//watch?v=cs_gVpMBILA
THIS IS TOTAL WAR ATTILA - EASTERN ROMAN EMPIRE #39,https://www.youtube.com//watch?v=JGxhetHleC4
The Holy Roman Empire! - Medieval Kingdoms 1212AD Total War - 007,https://www.youtube.com//watch?v=hRySSh87Sis
THIS IS TOTAL WAR ATTILA - EASTERN ROMAN EMPIRE #46,https://www.youtube.com//watch?v=tmVRnypj_4A
A BATTLE WITH BRITAIN! Empire Total War: Darthmod - Maratha Confederacy Campaign #66,https://www.youtube.com//watch?v=zooPRy-A4VE
Boris Johnson and the Revived Roman Empire,https://www.youtube.com//watch?v=PJe6i6TUAv4
Eternal Empire 1 | Total War: Attila | Eastern Roman Empire Hard + Mods,https://www.youtube.com//watch?v=-oGccaLcyDA
EUROPE REBORN! Total War: Attila - Age of Charlemagne - Holy Roman Empire Campaign #46,https://www.youtube.com//watch?v=AVWwLgi5PT4
Alternate History of the Holy Roman Empire,https://www.youtube.com//watch?v=W1wE8XXLc3I
GREAT BRITAIN BLITZ CAMPAIGN - Empire Total War #3,https://www.youtube.com//watch?v=H9sf-XHlVOY
THIS IS TOTAL WAR ATTILA - EASTERN ROMAN EMPIRE #11,https://www.youtube.com//watch?v=DOurIAOGWgE
GREAT BRITAIN BLITZ CAMPAIGN - Empire Total War #28,https://www.youtube.com//watch?v=VOdqxDKrr40
THIS IS TOTAL WAR ATTILA - EASTERN ROMAN EMPIRE #14,https://www.youtube.com//watch?v=mmUrcEpSHKc
THIS IS TOTAL WAR ATTILA - EASTERN ROMAN EMPIRE #31,https://www.youtube.com//watch?v=SM9geehbPy8
THE REVIVED ROMAN EMPIRE,https://www.youtube.com//watch?v=eq35m-CUnRI
SICILIAN SET-UP! Total War: Attila - Age of Charlemagne - Holy Roman Empire Campaign #48,https://www.youtube.com//watch?v=ThH91UuJ2OY
THIS IS TOTAL WAR ATTILA - EASTERN ROMAN EMPIRE #38,https://www.youtube.com//watch?v=q_6gus8KBB0
BBC Radio History for Schools 1984 - Roman Britain. Programme 1: The Romans are Here!,https://www.youtube.com//watch?v=cFHji46k14U
CLOCK PROPHECY 2016 - THE TRUMP-OBAMA-NATO CONNECTION - REVIVING THE ROMAN EMPIRE,https://www.youtube.com//watch?v=yvTFYgrwsEU
THIS IS TOTAL WAR ATTILA - EASTERN ROMAN EMPIRE #29,https://www.youtube.com//watch?v=_Jbh3n90UEQ
GREAT BRITAIN BLITZ CAMPAIGN - Empire Total War #29,https://www.youtube.com//watch?v=5thdyRa1PKU
SPANISH HOLIDAY! Total War: Attila - Age of Charlemagne - Holy Roman Empire Campaign #52,https://www.youtube.com//watch?v=4Lch3QZeNJc
GREAT BRITAIN BLITZ CAMPAIGN - Empire Total War #21,https://www.youtube.com//watch?v=6iV7JOtHUac
America is still a British Colony Under The Roman Empire,https://www.youtube.com//watch?v=8iQ9FCFy034
GREAT BRITAIN BLITZ CAMPAIGN - Empire Total War #16,https://www.youtube.com//watch?v=u21SSi-9lh8
THE EMPERORS REST! Total War: Attila - Age of Charlemagne - Holy Roman Empire Campaign #55,https://www.youtube.com//watch?v=YlOqkaohxtI
The Roman Empire Documentary - Fall Of The West,https://www.youtube.com//watch?v=mWyPP6n1y0g
Total War Attila - Western Roman Empire Campaign - Part 1,https://www.youtube.com//watch?v=hFFK0afk-C8
Total War: ATTILA Online Battle #002 - Saxons vs. Eastern Roman Empire,https://www.youtube.com//watch?v=IZsVx_fVc7Q
SICILY'S END! Total War: Attila - Age of Charlemagne - Holy Roman Empire Campaign #50,https://www.youtube.com//watch?v=h6-6l2sXekk
GREAT BRITAIN BLITZ CAMPAIGN - Empire Total War #36,https://www.youtube.com//watch?v=6aPz7cSTe4s
Eternal Empire 25 | Total War: Attila | Eastern Roman Empire Hard + Mods,https://www.youtube.com//watch?v=qeVlQGJ0aoc
SPANISH BETRAYAL! Total War: Attila - Age of Charlemagne - Holy Roman Empire Campaign #51,https://www.youtube.com//watch?v=6vTIuC7YLsU
GREAT BRITAIN BLITZ CAMPAIGN - Empire Total War #23,https://www.youtube.com//watch?v=200pTBKdUiU
GREAT BRITAIN BLITZ CAMPAIGN - Empire Total War #25,https://www.youtube.com//watch?v=x54uKicSkKY
The Roman Empire - mysimpleshow,https://www.youtube.com//watch?v=OmsyvLok3xI
Learn Military History - #3 - The Roman Legions - 300 BCE - 476 CE,https://www.youtube.com//watch?v=O09EfT2BQhc
European Union Is The Revived Roman Empire (Exclusive)!!!!!!!,https://www.youtube.com//watch?v=U4j5yE2ophc
BAVARIAN BUST UP! Total War: Attila - Age of Charlemagne - Holy Roman Empire Campaign #42,https://www.youtube.com//watch?v=2byZe5UmZSo
"[History Audiobook] The Decline and Fall of the Roman Empire, Volume 2, Part 1",https://www.youtube.com//watch?v=JfhfFV7Lcfs
Eternal Empire 2 | Total War: Attila | Eastern Roman Empire Hard + Mods,https://www.youtube.com//watch?v=3vF5KEPxfCw
SO IT BEGINS! Total War: Attila - Age of Charlemagne - Holy Roman Empire Campaign #49,https://www.youtube.com//watch?v=YjOUxrLXSI4
Eternal Empire 83 | Total War: Attila | Eastern Roman Empire Hard + Mods,https://www.youtube.com//watch?v=tj3WHVAf4IA
THIS IS TOTAL WAR ATTILA - EASTERN ROMAN EMPIRE #35,https://www.youtube.com//watch?v=MoLnN21hWX8
GREAT BRITAIN BLITZ CAMPAIGN - Empire Total War #7,https://www.youtube.com//watch?v=4k-F-b3751s
Portus ~ A Key To The Roman Empire,https://www.youtube.com//watch?v=FAQksD9wcpc
THIS IS TOTAL WAR ATTILA - EASTERN ROMAN EMPIRE #4,https://www.youtube.com//watch?v=J3DQFnFsjOw
Barbarian | The Destroyer Of The Roman Empire History Documentary,https://www.youtube.com//watch?v=qr3UBbbV6cw
"[History Audiobook] The Decline and Fall of the Roman Empire, Volume 2, Part 2",https://www.youtube.com//watch?v=5v9jLD2vpyY
Lets Play - Empire Total War (DM)  - Great Britain  - .....An Old Enemy Strikes Back!!... (41),https://www.youtube.com//watch?v=6cctreabEXo
The Defeat of the Holy Roman Empire & the Triumph of Napoleon  Revelation 16  Vials 1 5,https://www.youtube.com//watch?v=ywQv0ScjDwo
THIS IS TOTAL WAR ATTILA - EASTERN ROMAN EMPIRE #23,https://www.youtube.com//watch?v=pHKiRzwE-rQ
Caracalla Roman Empire Denarius Seven Hills Hoard,https://www.youtube.com//watch?v=SNGJV5zvg3s
How did Rome become so powerful and important and why do we care?,https://www.youtube.com//watch?v=ZWzTgljmdrk
Total War Attila :: Eastern Roman Empire (VH) : Part 19 Unwelcome Guests,https://www.youtube.com//watch?v=fvfEzQmAoKQ
GREAT BRITAIN BLITZ CAMPAIGN - Empire Total War #32,https://www.youtube.com//watch?v=txz6-8cA1Rk
THIS IS TOTAL WAR ATTILA - EASTERN ROMAN EMPIRE #43,https://www.youtube.com//watch?v=oowUVeob9zY
GREAT BRITAIN BLITZ CAMPAIGN - Empire Total War #12,https://www.youtube.com//watch?v=LyQVtXC-am8
GREAT BRITAIN BLITZ CAMPAIGN - Empire Total War #14,https://www.youtube.com//watch?v=DuZqZIve7qI
THIS IS TOTAL WAR ATTILA - EASTERN ROMAN EMPIRE #44,https://www.youtube.com//watch?v=vJnyPFj626Y
Eternal Empire 28 | Total War: Attila | Eastern Roman Empire Hard + Mods,https://www.youtube.com//watch?v=aBPLPMe7QbQ
Eternal Empire 87 | Total War: Attila | Eastern Roman Empire Hard + Mods,https://www.youtube.com//watch?v=V0j2jim2aLM
The Gothic War Continues   Gibbons Decline and Fall of the Roman Empire Chapter 41 Part 4,https://www.youtube.com//watch?v=-3QdKIow-fc
GREAT BRITAIN BLITZ CAMPAIGN - Empire Total War #31,https://www.youtube.com//watch?v=-WpnhwyK7Mo
If the Eastern Roman Empire defeated the Vandals in 468? - [Your Weekly Alternate History | 4 ],https://www.youtube.com//watch?v=pD5lyRi_0Gs
Eternal Empire 77 | Total War: Attila | Eastern Roman Empire Hard + Mods,https://www.youtube.com//watch?v=lFNeKynTju4
GREAT BRITAIN BLITZ CAMPAIGN - Empire Total War #11,https://www.youtube.com//watch?v=oQF1R0aFDNM
THIS IS TOTAL WAR ATTILA - EASTERN ROMAN EMPIRE #37,https://www.youtube.com//watch?v=V7ibuzSxMFY
ASTURIAS' END! Total War: Attila - Age of Charlemagne - Holy Roman Empire Campaign #53,https://www.youtube.com//watch?v=WPvHXQCcTGc
The Roman Empire Episode 4: Grasp Of An Empire (History Documentary),https://www.youtube.com//watch?v=MovEFm06np8
Roman History 15 - Galba To Agricola 69 - 79 AD,https://www.youtube.com//watch?v=R32oYQJOatw
Lets Play - Empire Total War (DM)  - Great Britain  - .....British Elite!!... (39),https://www.youtube.com//watch?v=-9CmELSqSPI
Eternal Empire 5 | Total War: Attila | Eastern Roman Empire Hard + Mods,https://www.youtube.com//watch?v=yzK8IJd4Vmk
GREAT BRITAIN BLITZ CAMPAIGN - Empire Total War #8,https://www.youtube.com//watch?v=dOka8zKlByg
"Time Team 2005 06 20   Special   Colchester, Essex   Britain's Lost Roman Circus",https://www.youtube.com//watch?v=cHxfLc3SzWs
Eternal Empire 48 | Total War: Attila | Eastern Roman Empire Hard + Mods,https://www.youtube.com//watch?v=7LI7J6gWBu4
Boudicca (60/61 C.E.),https://www.youtube.com//watch?v=npwM2touF08
GREAT BRITAIN BLITZ CAMPAIGN - Empire Total War #19,https://www.youtube.com//watch?v=JIs67odVofc
Eternal Empire 73 | Total War: Attila | Eastern Roman Empire Hard + Mods,https://www.youtube.com//watch?v=0L0Ce8KwTBc
How Britain Made the Modern World 6of6  Empire For Sale  (Documentary),https://www.youtube.com//watch?v=Mh5n7YPyqec
How Christianity Conquered the Roman Empire History Documentary,https://www.youtube.com//watch?v=1LmbbMDpQ_I
The Roman Empire (Ep-2) Legions of Conquest (Ancient History),https://www.youtube.com//watch?v=HKRn7iXa_mw
How the Celts Saved Britain Documentary 2/2,https://www.youtube.com//watch?v=nm6quMlbKhg
Eastern Roman Empire Episode 1! | Civilization V: The Fall of Rome,https://www.youtube.com//watch?v=nnLcO30YU0M
GREAT BRITAIN BLITZ CAMPAIGN - Empire Total War #39,https://www.youtube.com//watch?v=Cn2EZ4TLHsU
GREAT BRITAIN BLITZ CAMPAIGN - Empire Total War #33,https://www.youtube.com//watch?v=kx7meNHGdDw
Total war Attilla :: Eastern Roman Empire (VH) : Part 7 Growing The Empire,https://www.youtube.com//watch?v=evlJ-2wcrkk
Total War Attila Multiplayer #2: Saxons vs Eastern Roman Empire,https://www.youtube.com//watch?v=jDdRzeP8__Y
GREAT BRITAIN BLITZ CAMPAIGN - Empire Total War #13,https://www.youtube.com//watch?v=cYll9rkCqUs
Ep22 The Roman Empire Broken Crescent 2.4 Mod Medieval 2 TW MIGHTY DEFENSE,https://www.youtube.com//watch?v=LokkHjCevCs
Ancient Wars: The Roman Empire & The Iberian Celts To Christianity. (Origin Of Gaelic DNA),https://www.youtube.com//watch?v=uvYOvWLtLJY
Roman Empire vs Byzantine Empire Alternative History Part 2,https://www.youtube.com//watch?v=xOCCxOBSGTU
EUIV: Restore the Roman Empire 1,https://www.youtube.com//watch?v=a-VL8T69g3s
Eternal Empire 69 | Total War: Attila | Eastern Roman Empire Hard + Mods,https://www.youtube.com//watch?v=Q3cvos4yLJA
Toward Rome | Eternal Empire: The Restoration 17 | Total War: Attila | Eastern Roman Empire Hard,https://www.youtube.com//watch?v=AwxPbRvmmJI
Total War: Attila - Eastern Roman Empire - Part 54,https://www.youtube.com//watch?v=QeS3ViEclrw
HoI IV Duce Nukem 4 [The Eastern Roman Empire],https://www.youtube.com//watch?v=7fyPt4njUOQ
EU4 Great Britain: Episode 47- Spain Defeated,https://www.youtube.com//watch?v=Tyfy72pfo4c
Difference Between Ottoman Empire And Roman Empire - Ottoman Empire VS Roman Empire,https://www.youtube.com//watch?v=lFFiXlbcyko
The Myth about Empire Windrush and Africans of the Roman Empire,https://www.youtube.com//watch?v=WYmZ5H_RddE
Holding Ground | Eternal Empire: The Restoration 13 | Total War: Attila | Eastern Roman Empire Hard,https://www.youtube.com//watch?v=OEB-rd_OmSI
GREAT BRITAIN BLITZ CAMPAIGN - Empire Total War #5,https://www.youtube.com//watch?v=-7K7XjN_o0k
The Roman Empire - Episode 8: Hidden History of Rome,https://www.youtube.com//watch?v=CZuHwmVxzHk
History of the Roman Empire: Virtual Ancient Rome and Virtual Roman House,https://www.youtube.com//watch?v=vNIw9eqjSmg
Instrumental Marukaite Chikyuu - Holy Roman Empire Edition,https://www.youtube.com//watch?v=KwoQNydsosQ
GREAT BRITAIN BLITZ CAMPAIGN - Empire Total War #10,https://www.youtube.com//watch?v=0W-BC9TETKc
Inventions of the Roman empire,https://www.youtube.com//watch?v=eDvwdsbxjTg
GREAT BRITAIN BLITZ CAMPAIGN - Empire Total War #9,https://www.youtube.com//watch?v=oHPORJYozUU
Hearts of Iron IV - The Second Roman Empire (Part 2),https://www.youtube.com//watch?v=4UaeOkN3Y7o
Lets Play - Empire Total War (DM)  - Great Britain  - .....World At War!!... (31),https://www.youtube.com//watch?v=13qhLOElI9Y
Europa Universalis IV - Rebuilding the pagan Roman Empire 2,https://www.youtube.com//watch?v=9qKq3sgD_F4
Eternal Empire 65 | Total War: Attila | Eastern Roman Empire Hard + Mods,https://www.youtube.com//watch?v=S0LgUuZEoQQ
Total war Attila :: Western Roman Empire (VH) : Part 31 Preparing to Invade,https://www.youtube.com//watch?v=H2e0WoevVS4
Attila Total War - Online gameplay - Franks vs Eastern Roman Empire (#1),https://www.youtube.com//watch?v=PhXnx7P3TQc
GREAT BRITAIN BLITZ CAMPAIGN - Empire Total War #15,https://www.youtube.com//watch?v=CRKokLZ_LBw
History of the Roman Empire:The Roman Army part 2/2.,https://www.youtube.com//watch?v=jmcHJZns8gs
Total War: Attila - Eastern Roman Empire - Part 50,https://www.youtube.com//watch?v=P9H5LEbxF8I
Lets Play - Empire Total War (DM)  - Great Britain  - .....The British Army Stands Ready!!... (28),https://www.youtube.com//watch?v=q0kTAnJVSdE
CCS Trans 2015-2016 8R Documentary Video Roman Empire,https://www.youtube.com//watch?v=aSEjIWwlBKg
EU4 - Restore Roman Empire - Mare Nostrum Achievement - Time-lapse,https://www.youtube.com//watch?v=Rx6Ya91BYZ4
GREAT BRITAIN BLITZ CAMPAIGN - Empire Total War #6,https://www.youtube.com//watch?v=euXE2nGKOgE
Eternal Empire 20 | Total War: Attila | Eastern Roman Empire Hard + Mods,https://www.youtube.com//watch?v=Zd0m9V9JBLY
Full Story Of The Roman Empire Documentary - World Documentary,https://www.youtube.com//watch?v=MhsdVjEGcEw
age Of Empire III othman(turkish) vs Britain 帝國時代 الدولة العثمانية ضد بريطانيا عصر الإمبراطوريات 3,https://www.youtube.com//watch?v=GAt-k5SXHgA
THE ROMAN EMPIRE - THE COLLAPSE,https://www.youtube.com//watch?v=H97KtOD2RVo
the rise and fall of roman empire,https://www.youtube.com//watch?v=IR1tjVS7pPs
Tom Holland on the Origins of Islam - جاهلية - The Pre-Islamic Roman Empire,https://www.youtube.com//watch?v=baTs-0oQje8
Eternal Empire 52 | Total War: Attila | Eastern Roman Empire Hard + Mods,https://www.youtube.com//watch?v=LFTD5p4HYCg
39 Surprising facts about the Romans | 39 Truly Bizarre Facts About Ancient Rome,https://www.youtube.com//watch?v=dnITg4M0MrA
Ancient Roman Citizenship,https://www.youtube.com//watch?v=pCXrCUjboOA
Total War Attila :: Western Roman Empire (VH) : Part 44 Constantinopolis,https://www.youtube.com//watch?v=uaBHXXArpKU
EU4 - Timelapse - Rise of my Spanish Empire,https://www.youtube.com//watch?v=1riUcCJgnpk
THE ROMAN EMPIRE. RISE Romans. HISTORY Romans. DOCUMENTARY,https://www.youtube.com//watch?v=k6U_m-Q67m0
Roman villa found under Wiltshire garden,https://www.youtube.com//watch?v=1vuPg2Z9OUY
Roman Empire And Christianity DOCUMENTARY,https://www.youtube.com//watch?v=VAC-c0afUQs
Total War Attila : Western Roman Empire : FINAL :  Part 73 : Legendary Difficulty,https://www.youtube.com//watch?v=a6PIYORhORo
Roman Britain,https://www.youtube.com//watch?v=UWQ7_N71uHI
BBC Schools: Zig Zag: Roman Britain - Town Life,https://www.youtube.com//watch?v=UZ6jd-LDoyM
Total War : Attila Western Roman Empire Legendary Campaign Blind Playthrough #  113,https://www.youtube.com//watch?v=Aqgv8cPjv5I
Eternal Empire 39 | Total War: Attila | Eastern Roman Empire Hard + Mods,https://www.youtube.com//watch?v=wLJ_SoTtxKg
Empire: A Roman Spectacular 27th aug 2016 Caerleon,https://www.youtube.com//watch?v=urqOICqNoyA
How immigration shaped Britain: part 1,https://www.youtube.com//watch?v=LGpn04KVjwg
Total War Empire Darthmod - Great Britain Campaign - Part 6,https://www.youtube.com//watch?v=YGiTRkUqAO0
Total War Attila :; Western Roman Empire (VH) : Part 30 Attila Comes of Age,https://www.youtube.com//watch?v=Afxz6mmG5DY
Total War: ATTILA Roman Britain Ep. 2,https://www.youtube.com//watch?v=mMqknDEXBrg
Total War Attila : Western Roman Empire : Part 52 : Legendary Difficulty,https://www.youtube.com//watch?v=NN_cwLWQyQE
THE FALL OF 2 KINGS! Total War: Attila - Age of Charlemagne - Holy Roman Empire Campaign #61,https://www.youtube.com//watch?v=9vuIHo8t3_g
Today in History: Roman Emperor Honorius bans pants (407 AD),https://www.youtube.com//watch?v=5ey9LZZeil8
Ancient Warfare   Roman Empire and Ancient Egypt FULL DOCUMENTARIES,https://www.youtube.com//watch?v=3QYs0vUa8Ok
Total War: Attila - WESTERN ROMAN EMPIRE - Ep. 32,https://www.youtube.com//watch?v=HRG8tkyQqT8
"Caligula, 1400 days of terror The Roman Empire Documentary",https://www.youtube.com//watch?v=_mq_P8yg7HE
"The Rise and Fall of the Roman Empire [Part 9] ""The Soldiers Emperor""",https://www.youtube.com//watch?v=kSb3p1JQWyI
Total War Attila - Western Roman Empire Campaign - Part 31,https://www.youtube.com//watch?v=o7UMAtgfWoQ
Total War Attila :: Western Roman Empire (VH) : Part 22 Three Army Siege,https://www.youtube.com//watch?v=S1rFbtYIw28
Engineering an Empire: Britain Documentary Full Movie,https://www.youtube.com//watch?v=Uhn3QMjEhGI
Roman conquest of Britain,https://www.youtube.com//watch?v=3jh9N8DLVZw
Let's Play Empire Total War: DarthMod - Great Britain 29,https://www.youtube.com//watch?v=QzdwedRg8rQ
Empire Total War Pirate Campaign Part 9 - Revenge attack on Great Britain,https://www.youtube.com//watch?v=jTL2l7Dk1v0
Total War : ATTILA Roman Empire - Part 32  Death of the Emperor,https://www.youtube.com//watch?v=3d6W-GWn0tw
European War 4 : Napoleon Holy Roman Empire Confederation of Rhines Walkthroughs,https://www.youtube.com//watch?v=4AvkDH5lZSA
Empire Total War #1 - Great Britain Vs U.S. and Spain,https://www.youtube.com//watch?v=EM8GUAZ8rpg
The Roman Empire - Episode 2: Legions of Conquest (History Documentary),https://www.youtube.com//watch?v=XOONV7We42k
THE VIKINGS ARE COMING!!! | ENGLAND TRAVEL VLOG #2,https://www.youtube.com//watch?v=44yz8uxDQW4
BATTLE FOR THE SEAS! Total War: Attila - Age of Charlemagne - Holy Roman Empire Campaign #58,https://www.youtube.com//watch?v=sNcaafN-05Y
Empire Total War Darthmod - Kingdom of Great Britain - Part 2,https://www.youtube.com//watch?v=IKrHIlHNvN8
Total War Attila - Western Roman Empire Campaign - Part 28,https://www.youtube.com//watch?v=YxF5ls96hFw
The Story of Roman Empire Full BBC documentary,https://www.youtube.com//watch?v=BM3X6JVRYxU
EU IV Roman Empire as Byzantium attempt 2 Ep62,https://www.youtube.com//watch?v=8E0_aueesUQ
TW Attila Eastern Roman Empire 50 United Roman Empire END,https://www.youtube.com//watch?v=e0tYq3kRDyE
Total War Attila - Western Roman Empire Campaign - Part 10,https://www.youtube.com//watch?v=hegBVbDSur8
The Collapse of the Roman Empire (Documentary),https://www.youtube.com//watch?v=4M4anXRvzZM
Total War Attila - Western Roman Empire Campaign - Part 7,https://www.youtube.com//watch?v=iZ-uW6YPSTI
Attila Total War: Saxons vs Eastern Roman Empire,https://www.youtube.com//watch?v=3z4cAWIMgMI
The Top Ten HRE Nations! (EU4),https://www.youtube.com//watch?v=KqahLxmzkwU
"The Rise and Fall of the Roman Empire [Part 2] ""Spartacus""",https://www.youtube.com//watch?v=Kq5Ct5WpOr8
Total War Attila :: Western Roman Empire (VH) : Part 52 Fighting In The Snow,https://www.youtube.com//watch?v=5OPIpzmMgy0
Total War Attila - Western Roman Empire Campaign - Part 25,https://www.youtube.com//watch?v=Ospc4L5rIs4
Total War Attila : Western Roman Empire : Part 69 : Legendary Difficulty,https://www.youtube.com//watch?v=jQoUn-eXzYM
THE ROMAN EMPIRE - THE END OF THE PAX ROMANA,https://www.youtube.com//watch?v=d4yyOOka8EE
Total War Attila - Western Roman Empire Campaign - Part 20,https://www.youtube.com//watch?v=NpOFmZ9PIXg
Wrecking Sassanidian Armies! | Total War: Attila - Eastern Roman Empire #7,https://www.youtube.com//watch?v=mIC4TwKyyrU
Total War Attila - Western Roman Empire Campaign - Part 18,https://www.youtube.com//watch?v=3nVWggBIw3o
Minecraft part 1 ROMAN EMPIRE,https://www.youtube.com//watch?v=rcPafLG5OZ0
Total War Attila - Western Roman Empire Campaign - Part 16,https://www.youtube.com//watch?v=FV5FqAozFpc
Total War Attila :: Western Roman Empire (VH) : Part 33 Attila Is Coming,https://www.youtube.com//watch?v=G5uCHXz3c9w
"The Rise and Fall of the Roman Empire  [Part 11] ""The Barbarian General""",https://www.youtube.com//watch?v=pIO-New7JQI
Total War Attila: Eastern Roman Empire Campaign - Part 3,https://www.youtube.com//watch?v=amtpNZ8yQFI
Total War Attila - Western Roman Empire Campaign - Part 15,https://www.youtube.com//watch?v=CoxoUGb0Pqg
THE ROMAN EMPIRE - THE ASCENT OF TRAJAN,https://www.youtube.com//watch?v=FRqZUtuRhlw
PaulRevere2020 - Behold the Fall of the American Empire - PaulRevere2020,https://www.youtube.com//watch?v=z_lygMBcX5E
Total War Attila - Western Roman Empire Campaign - Part 27,https://www.youtube.com//watch?v=M8DM9l2yEks
"The Rise and Fall of the Roman Empire [Part 4] ""The Forest of Death""",https://www.youtube.com//watch?v=kggSsItVI8U
Total War: Attila - WESTERN ROMAN EMPIRE - Ep. 27,https://www.youtube.com//watch?v=OaCOmxYuwp4
Total War : Attila Western Roman Empire Legendary Campaign Blind Playthrough # 105,https://www.youtube.com//watch?v=Z_pAyqMAG1I
ยึดคาร์เทจTotal War Attila Eastern Roman Empire ไทย(TH)EP.25,https://www.youtube.com//watch?v=f1pjwu9-pVQ
Total War Attila - Western Roman Empire Campaign - Part 17,https://www.youtube.com//watch?v=f7qfZHfV0Hw
Total War Attila - Western Roman Empire Campaign - Part 8,https://www.youtube.com//watch?v=CkNOB3ZDbvk
The New Holy Roman empire has been founded,https://www.youtube.com//watch?v=4MKVwpjYgQI
The Etruscan | People Lives 2500 Years Before Roman Empire | History of Etruscan's | National Geo,https://www.youtube.com//watch?v=FUEDOCiKtj4
M2TW: Kingdoms Teutonic Hotseat ~ Holy Roman Empire Turn 21,https://www.youtube.com//watch?v=gkCrxjlQPJQ
Total War Attila - Western Roman Empire Campaign - Part 30,https://www.youtube.com//watch?v=OVzt9lIFiXo
Total War Attila - Western Roman Empire Campaign - Part 9,https://www.youtube.com//watch?v=2DAz6KAzVQA
Total War : Attila Western Roman Empire Legendary Campaign Blind Playthrough # 49,https://www.youtube.com//watch?v=tFyVnIPRkbc
Total War Attila - Western Roman Empire Campaign - Part 29,https://www.youtube.com//watch?v=WmXAtzEv_Qs
M2TW Hotseat: Holy Roman Empire Turn 2,https://www.youtube.com//watch?v=4ZHQKDV8QdA
WWE 2K—roman empire,https://www.youtube.com//watch?v=sIlz8X3kqNk
The Rise and Fall of the Greek Empire - History TV,https://www.youtube.com//watch?v=m9N3AYVy2n0
Total War Attila - Western Roman Empire Campaign - Part 14,https://www.youtube.com//watch?v=YvMH9LqSdZg
Total War Attila - Western Roman Empire Campaign - Part 32,https://www.youtube.com//watch?v=ER7dnRijVns
Empire Total War: Darthmod - Great Britain Campaign #8 - Fleet under attack!,https://www.youtube.com//watch?v=eY_h5NlRvpE
Hearts Of Iron 4: Roman Empire 2.0 - Italy - Learning The Basics (#1),https://www.youtube.com//watch?v=B52Fu0NIngA
ทวงคืนTotal War Attila Eastern Roman Empire ไทย(TH)EP.6,https://www.youtube.com//watch?v=tMu6K9_5uqA
Total War Attila - Western Roman Empire Campaign - Part 23,https://www.youtube.com//watch?v=hXUtcuQJgnE
The Vatican: A Wholly Roman Empire?,https://www.youtube.com//watch?v=MWBODizjjb8
Total War : Attila Western Roman Empire Legendary Campaign Blind Playthrough # 64,https://www.youtube.com//watch?v=fT6aG0JaIUw
England/Great Britain Campaign | EUIV Timeline Showcase,https://www.youtube.com//watch?v=75YP6hKuj80
EU4 - Timelapse - Indian Colonial Empire,https://www.youtube.com//watch?v=FROZjR3cWSQ
Total War : Attila Western Roman Empire Legendary Campaign Blind Playthrough # 51,https://www.youtube.com//watch?v=FhrrstlwGMo
Roman Expedition - Total War: Attila - Let's Play - Part 52,https://www.youtube.com//watch?v=yEfMppLnI9s
Let's Play Empire: Total War Darthmod - Great Britain #3,https://www.youtube.com//watch?v=fG6Z2_H0kE8
Let's Play Empire Total War: DarthMod - Great Britain 29,https://www.youtube.com//watch?v=QzdwedRg8rQ
How Britain Made the Modern World 3of6 The Mission (Documentary),https://www.youtube.com//watch?v=cFKtop1fxoM
The Growth of The Roman State | Roman Documentary,https://www.youtube.com//watch?v=fltZdMzrLO4
Total War : ATTILA Roman Empire - Part 32  Death of the Emperor,https://www.youtube.com//watch?v=3d6W-GWn0tw
The Roman Empire - Episode 2: Legions of Conquest (History Documentary),https://www.youtube.com//watch?v=XOONV7We42k
eu4 austria-roman empire,https://www.youtube.com//watch?v=VCeewWGQv9A
XP metal detectors: Dan Stevenson finds Roman Silver coins found with its XP DEUS [EN],https://www.youtube.com//watch?v=-jd6w4CgV1o
"Justinian Plague & Rogue Weather of 6th Century Returns in 2024, Seven Years from Now (252)",https://www.youtube.com//watch?v=2hF_HAVFlmM
BATTLE FOR THE SEAS! Total War: Attila - Age of Charlemagne - Holy Roman Empire Campaign #58,https://www.youtube.com//watch?v=sNcaafN-05Y
Colosseum - Documentary,https://www.youtube.com//watch?v=EFkQ4ylgIF0
Total War Attila - Western Roman Empire Campaign - Part 28,https://www.youtube.com//watch?v=YxF5ls96hFw
The Story of Roman Empire Full BBC documentary,https://www.youtube.com//watch?v=BM3X6JVRYxU
EU4 Byzantium to Rome || Part 4 - The Union,https://www.youtube.com//watch?v=WeytxliGNJk
Total War Attila Legendary West Rome Campaign Part 71,https://www.youtube.com//watch?v=pLRKPayew0k
Total War Attila - Western Roman Empire Campaign - Part 10,https://www.youtube.com//watch?v=hegBVbDSur8
The Collapse of the Roman Empire - Documentary,https://www.youtube.com//watch?v=SvqmGuImHRE
Total War Attila : Legendary West Rome : Part 7,https://www.youtube.com//watch?v=OQ4ahfJ5RUM
KING OF ENGLAND - 1078 Medieval Wars Campaign (Attila) #1,https://www.youtube.com//watch?v=COml0Lxynq8
Attila Total War: Saxons vs Eastern Roman Empire,https://www.youtube.com//watch?v=3z4cAWIMgMI
"""Britain Beat Back"" | Victoria 2 - Greece [8] | (HPM)",https://www.youtube.com//watch?v=7C3VSkMPEk0
The Top Ten HRE Nations! (EU4),https://www.youtube.com//watch?v=KqahLxmzkwU
EU4 Great Britain: Episode 41- British Guinea,https://www.youtube.com//watch?v=PBSFF2vjj-8
Belt from 4th Century Roman Soldier Found in England,https://www.youtube.com//watch?v=o2kfUWw7UT4
"""Brittany, Breton, But Not Britain"" Brittany [1] - Crusader Kings 2 (HIP)",https://www.youtube.com//watch?v=5HEDs3iXF7Y
Total War Attila Legendary West Rome Campaign Part 86,https://www.youtube.com//watch?v=Gv7R8kOk5bo
TW Webcast:  Will Britain Increase Its Divorce Rate?,https://www.youtube.com//watch?v=t3Hi-xjPNi0
ATTILA EPIC 19K MAN SIEGE OF ROME,https://www.youtube.com//watch?v=l5fTCWgUZnQ
History Documentary: Ep2- Spartacus | Rome: Rise and Fall of an Empire,https://www.youtube.com//watch?v=-gL7rDjPQtE
Things which must Shortly Come To Pass' Study 4 'The Rise of the Beast' Revelation 13,https://www.youtube.com//watch?v=jPAM87jgF7w
Roman Soldiers fighting - Roman Tribute,https://www.youtube.com//watch?v=eiW69e9CMro
Hadrian’s Wall Live 2016,https://www.youtube.com//watch?v=uZOoKXMweV4
Total War: Attila - Roman Civil War Mod Part 2,https://www.youtube.com//watch?v=ANxFYyvZJSk
UL6 Lecture 3 - Rise of Christianity in Rome,https://www.youtube.com//watch?v=d-LIJBADkUM
Total War Attila - Western Roman Empire Campaign - Part 25,https://www.youtube.com//watch?v=Ospc4L5rIs4
Lets Play - Lets Play - Empire Total War (DM)  - Spain - The Battle For Venice Begins...!!! (16),https://www.youtube.com//watch?v=V0MCpfWMKSY
A GREAT SILVER COIN OF HONORIUS FOUND DETECTING.,https://www.youtube.com//watch?v=WtzpVH54Y7E
EU4 Great Britain: Episode 46- Kingslayer,https://www.youtube.com//watch?v=bmte8N4QV4k
Hearts of Iron IV - Brexit Britain - 4,https://www.youtube.com//watch?v=ZNO6NXY0lPw
Europe in End Time Bible Prophecy & Archaeology Part 5/5,https://www.youtube.com//watch?v=SCibMbW_mLI
Wrecking Sassanidian Armies! | Total War: Attila - Eastern Roman Empire #7,https://www.youtube.com//watch?v=mIC4TwKyyrU
Total War Attila Legendary West Rome Campaign Part 46,https://www.youtube.com//watch?v=XMIfYvRAjiY
What was the role of money and trade in the British empire | History - Empire,https://www.youtube.com//watch?v=CDVxMSv4pTE
PaulRevere2020 - Behold the Fall of the American Empire - PaulRevere2020,https://www.youtube.com//watch?v=z_lygMBcX5E
Funerary ritual in Roman Egypt,https://www.youtube.com//watch?v=aaGPHvBRZN4
Total War Attila - Western Roman Empire Campaign - Part 27,https://www.youtube.com//watch?v=M8DM9l2yEks
The Unknown pre-Roman Civilisations (1 of 3) - the official 'history' of the ruins,https://www.youtube.com//watch?v=BrqmH1YLlDk
Total War Warhammer Empire Campaign Part 28,https://www.youtube.com//watch?v=5qw8UPGH2rY
Total War : Attila Western Roman Empire Legendary Campaign Blind Playthrough # 105,https://www.youtube.com//watch?v=Z_pAyqMAG1I
King Tutankhamen - Life and Death Ancient History Documentary,https://www.youtube.com//watch?v=Kgw4L7ks3No
Czech Republic Roman coins found,https://www.youtube.com//watch?v=DWUR3b9TY-U
ยึดคาร์เทจTotal War Attila Eastern Roman Empire ไทย(TH)EP.25,https://www.youtube.com//watch?v=f1pjwu9-pVQ
Grand Campaign: Western Roman Empire Victory Cinematic,https://www.youtube.com//watch?v=xSqEdWwcuis
The Etruscan | People Lives 2500 Years Before Roman Empire | History of Etruscan's | National Geo,https://www.youtube.com//watch?v=FUEDOCiKtj4
Total War Attila Legendary West Rome Campaign Part 37,https://www.youtube.com//watch?v=wnBhbFQm8kI
Total War Attila Legendary West Rome Campaign Part 63,https://www.youtube.com//watch?v=lr7cYMzxwts
UK to leave the EU it could be the beginning of Daniel chapter 2:41-43,https://www.youtube.com//watch?v=qKZI3Og-dyk
M2TW: Kingdoms Teutonic Hotseat ~ Holy Roman Empire Turn 21,https://www.youtube.com//watch?v=gkCrxjlQPJQ
Lets Play - Empire Total War (DM)  - Russia  -  Preparing For Total War....!!! (58),https://www.youtube.com//watch?v=8LqFT-2Q-NI
Roma Invicta (Total War: Rome II OST),https://www.youtube.com//watch?v=qj-tgkHvxBU
Ancient Roman Citizenship,https://www.youtube.com//watch?v=pCXrCUjboOA
ANCIENT ROME,https://www.youtube.com//watch?v=Fxk0vPQkgx0
AUSTRIAN ITALIAN WAR,https://www.youtube.com//watch?v=B1cl9INvRFk
Crassus. Rich Man Poor Man - Decisive Battles of the Ancient World (12of13),https://www.youtube.com//watch?v=ib6rfK2y6VI
The Roman Empire - Episode 4: Grasp Of An Empire (History Documentary),https://www.youtube.com//watch?v=AKieZ3N31rM
Mary Beard's Ultimate Rome: Empire Without Limit | BBC Documentary 2016,https://www.youtube.com//watch?v=Ilgmw7HFwp8
Geography of Ancient Rome,https://www.youtube.com//watch?v=saXJlj-iJNM
Total War Attila Legendary West Rome Campaign Part 31,https://www.youtube.com//watch?v=69tPfkg43Tc
Total War: Attila - Legendary Holy Roman Empire - Part 7,https://www.youtube.com//watch?v=DfwNPVij3O8
EU4 - Timelapse - Indian Colonial Empire,https://www.youtube.com//watch?v=FROZjR3cWSQ
BRUTII ROMAN CAMPAIGN - Rome Total War #21,https://www.youtube.com//watch?v=N8LPsYKZMhA
2008 History Channel   Rome Rise and Fall of an Empire 08of14 Wrath of the Gods,https://www.youtube.com//watch?v=DceNfhJPTD4
"Victoria 2: British empire ep,1 (ultimate mod)",https://www.youtube.com//watch?v=PVuoBtY-PxE
Brexit Explained: What Could Happen to the UK Next?,https://www.youtube.com//watch?v=9ZZy594n9hY
Rome 2: Rise of the Empire (The first Barbarian War: Celtic Tribe) Chapter 1,https://www.youtube.com//watch?v=LaWOf3iyo7w
Let's Funk King Play Attila Total War: Fall Of The Western Roman Empire #61 Legendary,https://www.youtube.com//watch?v=JRosJselAqU
How Far Away Can You Get From Everybody Else?,https://www.youtube.com//watch?v=3bifbg12u28
Total War Attila Age Of Vikings LEGENDARY Italy Let's Play Ep 1 REMAKING THE ROMAN EMPIRE!!!!!,https://www.youtube.com//watch?v=N02tgEcbre4
History Documentary ☼ Battle Of Carrhae 53 BC ☼ 2016,https://www.youtube.com//watch?v=03C1mMRyvVE
How Close Do You Live to a Nuclear Bomb?,https://www.youtube.com//watch?v=HZXn5Ct0PJg
The Ocean is Way Deeper Than You Think,https://www.youtube.com//watch?v=GE-lAftuQgc
Best Documentary Ever: Roman Britain,https://www.youtube.com//watch?v=_2sM9f-DrKk
Roman Empire Overview- Britain,https://www.youtube.com//watch?v=JZEJhmEjXG4
"History of the Roman Empire: Roman Britain (daily life, trade and economy)",https://www.youtube.com//watch?v=0l7A5UM4918
Roman Invasion of Britain (1of3): Onslaught (with Bettany Hughes) History Documentary HD,https://www.youtube.com//watch?v=Fsvf-wr1QV4
HISTORY OF THE ROMAN'S IN BRITAIN...,https://www.youtube.com//watch?v=hSW8j24CRmU
Fields of Mars #1 | Constantinus' Pledge | TW Attila Roman Britain NLP,https://www.youtube.com//watch?v=WIr7F_P8I5A
History of the Roman Empire: Roman conquest of Britain,https://www.youtube.com//watch?v=m2t_pul3eGQ
Faces of Ancient Europe - Roman Britain,https://www.youtube.com//watch?v=1k_cuuPxQUI
BBC - Mary Beard's Ultimate Rome: Empire Without Limit - Episode 4,https://www.youtube.com//watch?v=DhT5eufMrM0
"History of the Roman Empire: Hadrian's Wall, Roman Britain and The Scottish Borders",https://www.youtube.com//watch?v=0hkrIUyhT5Q
"History of the Roman Empire: Roman Britain, Boudicca's revolt",https://www.youtube.com//watch?v=5AG93G980UU
Mary Beard's Ultimate Rome: Empire Without Limit -Episode 3 BBC Documentary 2016,https://www.youtube.com//watch?v=ztMrPvYANSc
Roman Invasion of Britain (2of3): Revolt  (with Bettany Hughes),https://www.youtube.com//watch?v=-r4aDcHyB7o
THE ROMAN EMPIRE THE CONQUEST OF BRITAIN,https://www.youtube.com//watch?v=rsrqX-fy2Ug
Dark Ages: The end of Roman Britain,https://www.youtube.com//watch?v=5rYqYzNkOv8
How The Celts Saved Britain Documentary 1/2,https://www.youtube.com//watch?v=kfWiigAoDfs
The Faces of Ancient Europe | Roman Britain,https://www.youtube.com//watch?v=43GZ4jRDdcE
Fields of Mars #9 | Passing the Torch | TW Attila Roman Britain NLP,https://www.youtube.com//watch?v=E05u3pYzVLE
The Roman Emperor Julius Caesar,https://www.youtube.com//watch?v=YDbEGeK-wvc
The Beginning Of The End For The Roman Empire - Britain's Secret Homes,https://www.youtube.com//watch?v=CzsV18CZ980
